Workbook

Sheet V_14
A1: CLASSIFIED TRAFFIC VOLUME COUNT AT INTERSECTION
A2: Location Name : | B2: =Summary!B2 -> TMC-14 Number (D2)
A3: Location Code : | B3: =Summary!B3 -> D2
A4: Direction From : | B4: =V_13!E4 -> Mansarover | D4: To: | E4: =V_13!B4 -> Delhi | G4: Flyover
A6: Time | B6: Car, Taxi, Tempo, Auto Rickshaw & Pick up | C6: Motar Cycle, Scooter | D6: Agriculture Tractor, LCV Mini Bus | E6: Three Wheeler (Auto) Axle Truck, Buses | F6: Tractor Trailor, Truck Trailor Units (3 Axle & MAV) | G6: Total Fast Vehicle | H6: Cycle | I6: Cycle Rickshaw | J6: Hand Cart | K6: Horse Drawn | L6: Bullock Corts | M6: Total Slow | N6: Grand Total (Nos.) | O6: Grand Total (PCU's)
A8: 0800-0815 | B8: 96 | C8: 83 | D8: 9 | E8: 10 | F8: 30 | G8: =SUM(B8:F8) -> 228 | H8: 1 | I8: 0 | J8: 0 | K8: 0 | L8: 2 | M8: 1 | N8: =G8+M8 -> 229 | O8: =B8*1+C8*0.5+D8*1.5+E8*3+F8*4.5+H8*0.5+I8*1.5+J8*3+K8*4+L8*8 -> 332.5
A9: 0815-0830 | B9: 94 | C9: 122 | D9: 9 | E9: 11 | F9: 23 | G9: =SUM(B9:F9) -> 259 | H9: 1 | I9: 0 | J9: 0 | K9: 0 | L9: 1 | M9: 0 | N9: =G9+M9 -> 259 | O9: =B9*1+C9*0.5+D9*1.5+E9*3+F9*4.5+H9*0.5+I9*1.5+J9*3+K9*4+L9*8 -> 313.5
A10: 0830-0845 | B10: 99 | C10: 167 | D10: 6 | E10: 12 | F10: 18 | G10: =SUM(B10:F10) -> 302 | H10: 0 | I10: 0 | J10: 0 | K10: 0 | L10: 2 | M10: 1 | N10: =G10+M10 -> 303 | O10: =B10*1+C10*0.5+D10*1.5+E10*3+F10*4.5+H10*0.5+I10*1.5+J10*3+K10*4+L10*8 -> 324.5
A11: 0845-0900 | B11: 111 | C11: 216 | D11: 6 | E11: 9 | F11: 28 | G11: =SUM(B11:F11) -> 370 | H11: 0 | I11: 0 | J11: 0 | K11: 0 | L11: 1 | M11: 0 | N11: =G11+M11 -> 370 | O11: =B11*1+C11*0.5+D11*1.5+E11*3+F11*4.5+H11*0.5+I11*1.5+J11*3+K11*4+L11*8 -> 389
A12: 0900-0915 | B12: 149 | C12: 195 | D12: 12 | E12: 11 | F12: 32 | G12: =SUM(B12:F12) -> 399 | H12: 1 | I12: 0 | J12: 0 | K12: 0 | L12: 4 | M12: 0 | N12: =G12+M12 -> 399 | O12: =B12*1+C12*0.5+D12*1.5+E12*3+F12*4.5+H12*0.5+I12*1.5+J12*3+K12*4+L12*8 -> 474
A13: 0915-0930 | B13: 78 | C13: 136 | D13: 8 | E13: 8 | F13: 11 | G13: =SUM(B13:F13) -> 241 | H13: 0 | I13: 0 | J13: 0 | K13: 0 | L13: 1 | M13: 0 | N13: =G13+M13 -> 241 | O13: =B13*1+C13*0.5+D13*1.5+E13*3+F13*4.5+H13*0.5+I13*1.5+J13*3+K13*4+L13*8 -> 239.5
A14: 0930-0945 | B14: 114 | C14: 178 | D14: 10 | E14: 7 | F14: 23 | G14: =SUM(B14:F14) -> 332 | H14: 0 | I14: 0 | J14: 0 | K14: 0 | L14: 1 | M14: 0 | N14: =G14+M14 -> 332 | O14: =B14*1+C14*0.5+D14*1.5+E14*3+F14*4.5+H14*0.5+I14*1.5+J14*3+K14*4+L14*8 -> 350.5
A15: 0945-1000 | B15: 130 | C15: 163 | D15: 17 | E15: 8 | F15: 18 | G15: =SUM(B15:F15) -> 336 | H15: 0 | I15: 0 | J15: 0 | K15: 0 | L15: 0 | M15: 0 | N15: =G15+M15 -> 336 | O15: =B15*1+C15*0.5+D15*1.5+E15*3+F15*4.5+H15*0.5+I15*1.5+J15*3+K15*4+L15*8 -> 342
A16: 1000-1015 | B16: 110 | C16: 140 | D16: 8 | E16: 5 | F16: 25 | G16: =SUM(B16:F16) -> 288 | H16: 0 | I16: 0 | J16: 0 | K16: 0 | L16: 0 | M16: 0 | N16: =G16+M16 -> 288 | O16: =B16*1+C16*0.5+D16*1.5+E16*3+F16*4.5+H16*0.5+I16*1.5+J16*3+K16*4+L16*8 -> 319.5
A17: 1015-1030 | B17: 158 | C17: 126 | D17: 16 | E17: 10 | F17: 21 | G17: =SUM(B17:F17) -> 331 | H17: 0 | I17: 0 | J17: 0 | K17: 0 | L17: 0 | M17: 0 | N17: =G17+M17 -> 331 | O17: =B17*1+C17*0.5+D17*1.5+E17*3+F17*4.5+H17*0.5+I17*1.5+J17*3+K17*4+L17*8 -> 369.5
A18: 1030-1045 | B18: 157 | C18: 119 | D18: 14 | E18: 11 | F18: 15 | G18: =SUM(B18:F18) -> 316 | H18: 0 | I18: 0 | J18: 0 | K18: 0 | L18: 1 | M18: 0 | N18: =G18+M18 -> 316 | O18: =B18*1+C18*0.5+D18*1.5+E18*3+F18*4.5+H18*0.5+I18*1.5+J18*3+K18*4+L18*8 -> 346
A19: 1045-1100 | B19: 145 | C19: 95 | D19: 15 | E19: 9 | F19: 26 | G19: =SUM(B19:F19) -> 290 | H19: 0 | I19: 0 | J19: 0 | K19: 0 | L19: 0 | M19: 0 | N19: =G19+M19 -> 290 | O19: =B19*1+C19*0.5+D19*1.5+E19*3+F19*4.5+H19*0.5+I19*1.5+J19*3+K19*4+L19*8 -> 359
... A103: 0745-0800 | B103: 61 | C103: 49 | D103: 15 | E103: 9 | F103: 15 | G103: =SUM(B103:F103) -> 149 | H103: 0 | I103: 0 | J103: 0 | K103: 0 | L103: 0 | M103: 0 | N103: =G103+M103 -> 149 | O103: =B103*1+C103*0.5+D103*1.5+E103*3+F103*4.5+H103*0.5+I103*1.5+J103*3+K103*4+L103*8 -> 202.5
A104: Total (Veh.) | B104: =SUM(B8:B103) -> 7091 | C104: =SUM(C8:C103) -> 5059 | D104: =SUM(D8:D103) -> 1132 | E104: =SUM(E8:E103) -> 842 | F104: =SUM(F8:F103) -> 2699 | G104: =SUM(G8:G103) -> 16823 | H104: =SUM(H8:H103) -> 4 | I104: =SUM(I8:I103) -> 0 | ... O104: =SUM(O8:O103) -> 26160
A105: Total (PCUs) | B105: =+B104*1 -> 7091 | C105: =+C104*0.5 -> 2529.5 | D105: =+D104*1.5 -> 1698 | E105: =+E104*3 -> 2526 | F105: =+F104*4.5 -> 12145.5 | G105: =SUM(B105:F105) -> 25990 | H105: =+H104*0.5 -> 2 | I105: =+I104*1.5 -> 0 | J105: =+J104*3 -> 0 | K105: =+K104*4 -> 0 | L105: =+L104*8 -> 168 | M105: =SUM(H105:L105) -> 170 | O105: =G105+M105 -> 26160
A106: Composition | B106: =B104/$N$104 -> 0.42145617 | C106: =C104/$N$104 -> 0.30068351 | D106: =D104/$N$104 -> 0.067280832 | E106: =E104/$N$104 -> 0.050044577 | F106: =F104/$N$104 -> 0.16041605 | G106: =G104/$N$104 -> 0.99988113 | H106: =H104/$N$104 -> 0.00023774146 | I106: =I104/$N$104 -> 0 | ... N106: =N104/$N$104 -> 1

Sheet V_13
A1: CLASSIFIED TRAFFIC VOLUME COUNT AT INTERSECTION
A2: Location Name : | B2: =Summary!B2 -> TMC-14 Number (D2)
A3: Location Code : | B3: =Summary!B3 -> D2
A4: Direction From : | B4: Delhi | D4: To: | E4: Mansarover | G4: Flyover
A6: Time | B6: Car, Taxi, Tempo, Auto Rickshaw & Pick up | C6: Motar Cycle, Scooter | D6: Agriculture Tractor, LCV Mini Bus | E6: Three Wheeler (Auto) Axle Truck, Buses | F6: Tractor Trailor, Truck Trailor Units (3 Axle & MAV) | G6: Total Fast Vehicle | H6: Cycle | I6: Cycle Rickshaw | J6: Hand Cart | K6: Horse Drawn | L6: Bullock Corts | M6: Total Slow | N6: Grand Total (Nos.) | O6: Grand Total (PCU's)
A8: 0800-0815 | B8: 34 | C8: 62 | D8: 18 | E8: 6 | F8: 33 | G8: =SUM(B8:F8) -> 153 | H8: 0 | I8: 0 | J8: 0 | K8: 0 | L8: 3 | M8: 0 | N8: =G8+M8 -> 153 | O8: =B8*1+C8*0.5+D8*1.5+E8*3+F8*4.5+H8*0.5+I8*1.5+J8*3+K8*4+L8*8 -> 282.5
A9: 0815-0830 | B9: 68 | C9: 89 | D9: 23 | E9: 3 | F9: 31 | G9: =SUM(B9:F9) -> 214 | H9: 0 | I9: 0 | J9: 0 | K9: 0 | L9: 1 | M9: 0 | N9: =G9+M9 -> 214 | O9: =B9*1+C9*0.5+D9*1.5+E9*3+F9*4.5+H9*0.5+I9*1.5+J9*3+K9*4+L9*8 -> 303.5
A10: 0830-0845 | B10: 78 | C10: 110 | D10: 19 | E10: 5 | F10: 26 | G10: =SUM(B10:F10) -> 238 | H10: 0 | I10: 0 | J10: 0 | K10: 0 | L10: 1 | M10: 0 | N10: =G10+M10 -> 238 | O10: =B10*1+C10*0.5+D10*1.5+E10*3+F10*4.5+H10*0.5+I10*1.5+J10*3+K10*4+L10*8 -> 301.5
A11: 0845-0900 | B11: 78 | C11: 115 | D11: 16 | E11: 3 | F11: 21 | G11: =SUM(B11:F11) -> 233 | H11: 0 | I11: 0 | J11: 0 | K11: 0 | L11: 0 | M11: 0 | N11: =G11+M11 -> 233 | O11: =B11*1+C11*0.5+D11*1.5+E11*3+F11*4.5+H11*0.5+I11*1.5+J11*3+K11*4+L11*8 -> 263
A12: 0900-0915 | B12: 85 | C12: 122 | D12: 12 | E12: 4 | F12: 33 | G12: =SUM(B12:F12) -> 256 | H12: 0 | I12: 0 | J12: 0 | K12: 0 | L12: 0 | M12: 0 | N12: =G12+M12 -> 256 | O12: =B12*1+C12*0.5+D12*1.5+E12*3+F12*4.5+H12*0.5+I12*1.5+J12*3+K12*4+L12*8 -> 324.5
A13: 0915-0930 | B13: 52 | C13: 107 | D13: 13 | E13: 6 | F13: 13 | G13: =SUM(B13:F13) -> 191 | H13: 0 | I13: 0 | J13: 0 | K13: 0 | L13: 1 | M13: 0 | N13: =G13+M13 -> 191 | O13: =B13*1+C13*0.5+D13*1.5+E13*3+F13*4.5+H13*0.5+I13*1.5+J13*3+K13*4+L13*8 -> 209.5
A14: 0930-0945 | B14: 120 | C14: 142 | D14: 29 | E14: 10 | F14: 23 | G14: =SUM(B14:F14) -> 324 | H14: 0 | I14: 0 | J14: 0 | K14: 0 | L14: 1 | M14: 0 | N14: =G14+M14 -> 324 | O14: =B14*1+C14*0.5+D14*1.5+E14*3+F14*4.5+H14*0.5+I14*1.5+J14*3+K14*4+L14*8 -> 376
A15: 0945-1000 | B15: 81 | C15: 107 | D15: 28 | E15: 3 | F15: 21 | G15: =SUM(B15:F15) -> 240 | H15: 0 | I15: 0 | J15: 0 | K15: 0 | L15: 0 | M15: 0 | N15: =G15+M15 -> 240 | O15: =B15*1+C15*0.5+D15*1.5+E15*3+F15*4.5+H15*0.5+I15*1.5+J15*3+K15*4+L15*8 -> 280
A16: 1000-1015 | B16: 83 | C16: 116 | D16: 25 | E16: 4 | F16: 22 | G16: =SUM(B16:F16) -> 250 | H16: 0 | I16: 0 | J16: 0 | K16: 0 | L16: 1 | M16: 0 | N16: =G16+M16 -> 250 | O16: =B16*1+C16*0.5+D16*1.5+E16*3+F16*4.5+H16*0.5+I16*1.5+J16*3+K16*4+L16*8 -> 297.5
A17: 1015-1030 | B17: 97 | C17: 110 | D17: 22 | E17: 7 | F17: 28 | G17: =SUM(B17:F17) -> 264 | H17: 0 | I17: 0 | J17: 0 | K17: 0 | L17: 0 | M17: 0 | N17: =G17+M17 -> 264 | O17: =B17*1+C17*0.5+D17*1.5+E17*3+F17*4.5+H17*0.5+I17*1.5+J17*3+K17*4+L17*8 -> 332
A18: 1030-1045 | B18: 135 | C18: 61 | D18: 32 | E18: 5 | F18: 28 | G18: =SUM(B18:F18) -> 261 | H18: 0 | I18: 0 | J18: 0 | K18: 0 | L18: 1 | M18: 0 | N18: =G18+M18 -> 261 | O18: =B18*1+C18*0.5+D18*1.5+E18*3+F18*4.5+H18*0.5+I18*1.5+J18*3+K18*4+L18*8 -> 362.5
A19: 1045-1100 | B19: 109 | C19: 77 | D19: 23 | E19: 4 | F19: 22 | G19: =SUM(B19:F19) -> 235 | H19: 0 | I19: 0 | J19: 0 | K19: 0 | L19: 0 | M19: 0 | N19: =G19+M19 -> 235 | O19: =B19*1+C19*0.5+D19*1.5+E19*3+F19*4.5+H19*0.5+I19*1.5+J19*3+K19*4+L19*8 -> 293
... A103: 0745-0800 | B103: 31 | C103: 32 | D103: 12 | E103: 2 | F103: 13 | G103: =SUM(B103:F103) -> 90 | H103: 0 | I103: 0 | J103: 0 | K103: 0 | L103: 0 | M103: 0 | N103: =G103+M103 -> 90 | O103: =B103*1+C103*0.5+D103*1.5+E103*3+F103*4.5+H103*0.5+I103*1.5+J103*3+K103*4+L103*8 -> 129.5
A104: Total (Veh.) | B104: =SUM(B8:B103) -> 6894 | C104: =SUM(C8:C103) -> 4001 | D104: =SUM(D8:D103) -> 1471 | E104: =SUM(E8:E103) -> 440 | F104: =SUM(F8:F103) -> 2689 | G104: =SUM(G8:G103) -> 15495 | H104: =SUM(H8:H103) -> 2 | I104: =SUM(I8:I103) -> 0 | ... O104: =SUM(O8:O103) -> 24650.5
A105: Total (PCUs) | B105: =+B104*1 -> 6894 | C105: =+C104*0.5 -> 2000.5 | D105: =+D104*1.5 -> 2206.5 | E105: =+E104*3 -> 1320 | F105: =+F104*4.5 -> 12100.5 | G105: =SUM(B105:F105) -> 24521.5 | H105: =+H104*0.5 -> 1 | I105: =+I104*1.5 -> 0 | J105: =+J104*3 -> 0 | K105: =+K104*4 -> 0 | L105: =+L104*8 -> 128 | M105: =SUM(H105:L105) -> 129 | O105: =G105+M105 -> 24650.5
A106: Composition | B106: =B104/$N$104 -> 0.44491772 | C106: =C104/$N$104 -> 0.25821233 | D106: =D104/$N$104 -> 0.09493385 | E106: =E104/$N$104 -> 0.028396257 | F106: =F104/$N$104 -> 0.17353985 | G106: =G104/$N$104 -> 1 | H106: =H104/$N$104 -> 0.00012907389 | I106: =I104/$N$104 -> 0 | ... N106: =N104/$N$104 -> 1

Sheet Summary
H1: Date: | I1: 46245
A2: Location Name: | B2: TMC-14 Number (D2) | H2: Day: | I2: =IF(WEEKDAY(I1,2)=1,"Monday",IF(WEEKDAY(I1,2)=2,"Tuesday",IF(WEEKDAY(I1,2)=3,"Wednesday",IF(WEEKDAY(I1,2)=4,"Thursday",IF(WEEKDAY(I1,2)=5,"Friday","Saturday"))))) -> Tuesday
A3: Location Code: | B3: D2
A5: Approach | B5: Left | C5: Straight | D5: Right
A6: Nindar | B6: =A7 -> Delhi | C6: =A8 -> Chomu Pulia | D6: =A9 -> Mansarover | H6: =A6 -> Nindar
A7: Delhi | B7: =A8 -> Chomu Pulia | C7: =A9 -> Mansarover | D7: =A6 -> Nindar
A8: Chomu Pulia | B8: =A9 -> Mansarover | C8: =A6 -> Nindar | D8: =A7 -> Delhi
A9: Mansarover | B9: =A6 -> Nindar | C9: =A7 -> Delhi | D9: =A8 -> Chomu Pulia | H9: V3 V2 V1
G10: V10 | I10: V6
F11: =A9 -> Mansarover | G11: V11 | I11: V5 | J11: =A7 -> Delhi
G12: V12 | I12: V4
H13: V7 V8 V9
H16: =A8 -> Chomu Pulia

Sheet V_1
A1: CLASSIFIED TRAFFIC VOLUME COUNT AT INTERSECTION
A2: Location Name : | B2: =Summary!B2 -> TMC-14 Number (D2)
A3: Location Code : | B3: =Summary!B3 -> D2
A4: Direction From : | B4: =+Summary!A6 -> Nindar | D4: To: | E4: =Summary!J11 -> Delhi
A6: Time | B6: Car, Taxi, Tempo, Auto Rickshaw & Pick up | C6: Motar Cycle, Scooter | D6: Agriculture Tractor, LCV Mini Bus | E6: Three Wheeler (Auto) Axle Truck, Buses | F6: Tractor Trailor, Truck Trailor Units (3 Axle & MAV) | G6: Total Fast Vehicle | H6: Cycle | I6: Cycle Rickshaw | J6: Hand Cart | K6: Horse Drawn | L6: Bullock Corts | M6: Total Slow | N6: Grand Total (Nos.) | O6: Grand Total (PCU's)
A8: 0800-0815 | B8: 6 | C8: 35 | D8: 1 | E8: 1 | F8: 0 | G8: =SUM(B8:F8) -> 43 | H8: 0 | I8: 0 | J8: 0 | K8: 0 | L8: 1 | M8: 0 | N8: =G8+M8 -> 43 | O8: =B8*1+C8*0.5+D8*1.5+E8*3+F8*4.5+H8*0.5+I8*1.5+J8*3+K8*4+L8*8 -> 36
A9: 0815-0830 | B9: 6 | C9: 37 | D9: 1 | E9: 0 | F9: 0 | G9: =SUM(B9:F9) -> 44 | H9: 0 | I9: 0 | J9: 0 | K9: 0 | L9: 0 | M9: 0 | N9: =G9+M9 -> 44 | O9: =B9*1+C9*0.5+D9*1.5+E9*3+F9*4.5+H9*0.5+I9*1.5+J9*3+K9*4+L9*8 -> 26
A10: 0830-0845 | B10: 14 | C10: 62 | D10: 0 | E10: 0 | F10: 0 | G10: =SUM(B10:F10) -> 76 | H10: 0 | I10: 0 | J10: 0 | K10: 0 | L10: 1 | M10: 0 | N10: =G10+M10 -> 76 | O10: =B10*1+C10*0.5+D10*1.5+E10*3+F10*4.5+H10*0.5+I10*1.5+J10*3+K10*4+L10*8 -> 53
A11: 0845-0900 | B11: 11 | C11: 69 | D11: 0 | E11: 0 | F11: 0 | G11: =SUM(B11:F11) -> 80 | H11: 0 | I11: 0 | J11: 0 | K11: 0 | L11: 1 | M11: 0 | N11: =G11+M11 -> 80 | O11: =B11*1+C11*0.5+D11*1.5+E11*3+F11*4.5+H11*0.5+I11*1.5+J11*3+K11*4+L11*8 -> 53.5
A12: 0900-0915 | B12: 9 | C12: 60 | D12: 1 | E12: 0 | F12: 1 | G12: =SUM(B12:F12) -> 71 | H12: 0 | I12: 0 | J12: 0 | K12: 0 | L12: 1 | M12: 0 | N12: =G12+M12 -> 71 | O12: =B12*1+C12*0.5+D12*1.5+E12*3+F12*4.5+H12*0.5+I12*1.5+J12*3+K12*4+L12*8 -> 53
A13: 0915-0930 | B13: 21 | C13: 72 | D13: 0 | E13: 0 | F13: 0 | G13: =SUM(B13:F13) -> 93 | H13: 0 | I13: 0 | J13: 0 | K13: 0 | L13: 0 | M13: 0 | N13: =G13+M13 -> 93 | O13: =B13*1+C13*0.5+D13*1.5+E13*3+F13*4.5+H13*0.5+I13*1.5+J13*3+K13*4+L13*8 -> 57
A14: 0930-0945 | B14: 21 | C14: 78 | D14: 1 | E14: 0 | F14: 0 | G14: =SUM(B14:F14) -> 100 | H14: 0 | I14: 0 | J14: 0 | K14: 0 | L14: 1 | M14: 0 | N14: =G14+M14 -> 100 | O14: =B14*1+C14*0.5+D14*1.5+E14*3+F14*4.5+H14*0.5+I14*1.5+J14*3+K14*4+L14*8 -> 69.5
A15: 0945-1000 | B15: 29 | C15: 73 | D15: 1 | E15: 0 | F15: 2 | G15: =SUM(B15:F15) -> 105 | H15: 0 | I15: 0 | J15: 0 | K15: 0 | L15: 1 | M15: 0 | N15: =G15+M15 -> 105 | O15: =B15*1+C15*0.5+D15*1.5+E15*3+F15*4.5+H15*0.5+I15*1.5+J15*3+K15*4+L15*8 -> 84
A16: 1000-1015 | B16: 26 | C16: 60 | D16: 2 | E16: 0 | F16: 5 | G16: =SUM(B16:F16) -> 93 | H16: 1 | I16: 0 | J16: 0 | K16: 0 | L16: 2 | M16: 0 | N16: =G16+M16 -> 93 | O16: =B16*1+C16*0.5+D16*1.5+E16*3+F16*4.5+H16*0.5+I16*1.5+J16*3+K16*4+L16*8 -> 98
A17: 1015-1030 | B17: 27 | C17: 48 | D17: 1 | E17: 1 | F17: 1 | G17: =SUM(B17:F17) -> 78 | H17: 0 | I17: 0 | J17: 0 | K17: 0 | L17: 0 | M17: 0 | N17: =G17+M17 -> 78 | O17: =B17*1+C17*0.5+D17*1.5+E17*3+F17*4.5+H17*0.5+I17*1.5+J17*3+K17*4+L17*8 -> 60
A18: 1030-1045 | B18: 28 | C18: 49 | D18: 3 | E18: 0 | F18: 1 | G18: =SUM(B18:F18) -> 81 | H18: 0 | I18: 0 | J18: 0 | K18: 0 | L18: 0 | M18: 0 | N18: =G18+M18 -> 81 | O18: =B18*1+C18*0.5+D18*1.5+E18*3+F18*4.5+H18*0.5+I18*1.5+J18*3+K18*4+L18*8 -> 61.5
A19: 1045-1100 | B19: 28 | C19: 51 | D19: 3 | E19: 0 | F19: 1 | G19: =SUM(B19:F19) -> 83 | H19: 0 | I19: 0 | J19: 0 | K19: 0 | L19: 1 | M19: 0 | N19: =G19+M19 -> 83 | O19: =B19*1+C19*0.5+D19*1.5+E19*3+F19*4.5+H19*0.5+I19*1.5+J19*3+K19*4+L19*8 -> 70.5
... A103: 0745-0800 | B103: 11 | C103: 30 | D103: 1 | E103: 0 | F103: 0 | G103: =SUM(B103:F103) -> 42 | H103: 0 | I103: 0 | J103: 0 | K103: 0 | L103: 0 | M103: 0 | N103: =G103+M103 -> 42 | O103: =B103*1+C103*0.5+D103*1.5+E103*3+F103*4.5+H103*0.5+I103*1.5+J103*3+K103*4+L103*8 -> 27.5
A104: Total (Veh.) | B104: =SUM(B8:B103) -> 1129 | C104: =SUM(C8:C103) -> 1682 | D104: =SUM(D8:D103) -> 126 | E104: =SUM(E8:E103) -> 37 | F104: =SUM(F8:F103) -> 66 | G104: =SUM(G8:G103) -> 3040 | H104: =SUM(H8:H103) -> 3 | I104: =SUM(I8:I103) -> 1 | ... O104: =SUM(O8:O103) -> 2794
A105: Total (PCUs) | B105: =+B104*1 -> 1129 | C105: =+C104*0.5 -> 841 | D105: =+D104*1.5 -> 189 | E105: =+E104*3 -> 111 | F105: =+F104*4.5 -> 297 | G105: =SUM(B105:F105) -> 2567 | H105: =+H104*0.5 -> 1.5 | I105: =+I104*1.5 -> 1.5 | J105: =+J104*3 -> 0 | K105: =+K104*4 -> 0 | L105: =+L104*8 -> 224 | M105: =SUM(H105:L105) -> 227 | O105: =G105+M105 -> 2794
A106: Composition | B106: =B104/$N$104 -> 0.37113741 | C106: =C104/$N$104 -> 0.55292571 | D106: =D104/$N$104 -> 0.041420118 | E106: =E104/$N$104 -> 0.012163051 | F106: =F104/$N$104 -> 0.021696252 | G106: =G104/$N$104 -> 0.99934254 | H106: =H104/$N$104 -> 0.00098619329 | I106: =I104/$N$104 -> 0.0003287311 | ... N106: =N104/$N$104 -> 1
A108: Location Name : | B108: =B2 -> TMC-14 Number (D2)
A109: Location Code : | B109: =B3 -> D2
A110: Direction From : | B110: =B4 -> Nindar | D110: =D4 -> To:
A112: Time | B112: Car, Taxi, Tempo, Auto Rickshaw & Pick up | C112: Motar Cycle, Scooter | D112: Agriculture Tractor, LCV Mini Bus | E112: Three Wheeler (Auto) Axle Truck, Buses | F112: Tractor Trailor, Truck Trailor Units (3 Axle & MAV) | G112: Total Fast Vehicle | H112: Cycle | I112: Cycle Rickshaw | J112: Hand Cart | K112: Horse Drawn | L112: Bullock Corts | M112: Total Slow | N112: Grand Total (Nos.) | O112: Grand Total (PCU's)
A114: 0800 - 0900 | B114: =B8+B9+B10+B11 -> 37 | C114: =C8+C9+C10+C11 -> 203 | D114: =D8+D9+D10+D11 -> 2 | E114: =E8+E9+E10+E11 -> 1 | F114: =F8+F9+F10+F11 -> 0 | G114: =SUM(B114:F114) -> 243 | H114: =H8+H9+H10+H11 -> 0 | I114: =I8+I9+I10+I11 -> 0 | J114: =J8+J9+J10+J11 -> 0 | K114: =K8+K9+K10+K11 -> 0 | L114: =L8+L9+L10+L11 -> 3 | M114: =SUM(H114:K114) -> 0 | N114: =G114+M114 -> 243 | O114: =B114*1+C114*0.5+D114*1.5+E114*3+F114*4.5+H114*0.5+I114*1.5+J114*3+K114*4+L114*8 -> 168.5
A115: 0815 - 0915 | B115: =B9+B10+B11+B12 -> 40 | C115: =C9+C10+C11+C12 -> 228 | D115: =D9+D10+D11+D12 -> 2 | E115: =E9+E10+E11+E12 -> 0 | F115: =F9+F10+F11+F12 -> 1 | G115: =SUM(B115:F115) -> 271 | H115: =H9+H10+H11+H12 -> 0 | I115: =I9+I10+I11+I12 -> 0 | J115: =J9+J10+J11+J12 -> 0 | K115: =K9+K10+K11+K12 -> 0 | L115: =L9+L10+L11+L12 -> 3 | M115: =SUM(H115:K115) -> 0 | N115: =G115+M115 -> 271 | O115: =B115*1+C115*0.5+D115*1.5+E115*3+F115*4.5+H115*0.5+I115*1.5+J115*3+K115*4+L115*8 -> 185.5
A116: 0830 - 0930 | B116: =B10+B11+B12+B13 -> 55 | C116: =C10+C11+C12+C13 -> 263 | D116: =D10+D11+D12+D13 -> 1 | E116: =E10+E11+E12+E13 -> 0 | F116: =F10+F11+F12+F13 -> 1 | G116: =SUM(B116:F116) -> 320 | H116: =H10+H11+H12+H13 -> 0 | I116: =I10+I11+I12+I13 -> 0 | J116: =J10+J11+J12+J13 -> 0 | K116: =K10+K11+K12+K13 -> 0 | L116: =L10+L11+L12+L13 -> 3 | M116: =SUM(H116:K116) -> 0 | N116: =G116+M116 -> 320 | O116: =B116*1+C116*0.5+D116*1.5+E116*3+F116*4.5+H116*0.5+I116*1.5+J116*3+K116*4+L116*8 -> 216.5
A117: 0845 - 0945 | B117: =B11+B12+B13+B14 -> 62 | C117: =C11+C12+C13+C14 -> 279 | D117: =D11+D12+D13+D14 -> 2 | E117: =E11+E12+E13+E14 -> 0 | F117: =F11+F12+F13+F14 -> 1 | G117: =SUM(B117:F117) -> 344 | H117: =H11+H12+H13+H14 -> 0 | I117: =I11+I12+I13+I14 -> 0 | J117: =J11+J12+J13+J14 -> 0 | K117: =K11+K12+K13+K14 -> 0 | L117: =L11+L12+L13+L14 -> 3 | M117: =SUM(H117:K117) -> 0 | N117: =G117+M117 -> 344 | O117: =B117*1+C117*0.5+D117*1.5+E117*3+F117*4.5+H117*0.5+I117*1.5+J117*3+K117*4+L117*8 -> 233
A118: 0900 - 1000 | B118: =B12+B13+B14+B15 -> 80 | C118: =C12+C13+C14+C15 -> 283 | D118: =D12+D13+D14+D15 -> 3 | E118: =E12+E13+E14+E15 -> 0 | F118: =F12+F13+F14+F15 -> 3 | G118: =SUM(B118:F118) -> 369 | H118: =H12+H13+H14+H15 -> 0 | I118: =I12+I13+I14+I15 -> 0 | J118: =J12+J13+J14+J15 -> 0 | K118: =K12+K13+K14+K15 -> 0 | L118: =L12+L13+L14+L15 -> 3 | M118: =SUM(H118:K118) -> 0 | N118: =G118+M118 -> 369 | O118: =B118*1+C118*0.5+D118*1.5+E118*3+F118*4.5+H118*0.5+I118*1.5+J118*3+K118*4+L118*8 -> 263.5
A119: 0915 - 1015 | B119: =B13+B14+B15+B16 -> 97 | C119: =C13+C14+C15+C16 -> 283 | D119: =D13+D14+D15+D16 -> 4 | E119: =E13+E14+E15+E16 -> 0 | F119: =F13+F14+F15+F16 -> 7 | G119: =SUM(B119:F119) -> 391 | H119: =H13+H14+H15+H16 -> 1 | I119: =I13+I14+I15+I16 -> 0 | J119: =J13+J14+J15+J16 -> 0 | K119: =K13+K14+K15+K16 -> 0 | L119: =L13+L14+L15+L16 -> 4 | M119: =SUM(H119:K119) -> 1 | N119: =G119+M119 -> 392 | O119: =B119*1+C119*0.5+D119*1.5+E119*3+F119*4.5+H119*0.5+I119*1.5+J119*3+K119*4+L119*8 -> 308.5
A120: 0930 - 1030 | B120: =B14+B15+B16+B17 -> 103 | C120: =C14+C15+C16+C17 -> 259 | D120: =D14+D15+D16+D17 -> 5 | E120: =E14+E15+E16+E17 -> 1 | F120: =F14+F15+F16+F17 -> 8 | G120: =SUM(B120:F120) -> 376 | H120: =H14+H15+H16+H17 -> 1 | I120: =I14+I15+I16+I17 -> 0 | J120: =J14+J15+J16+J17 -> 0 | K120: =K14+K15+K16+K17 -> 0 | L120: =L14+L15+L16+L17 -> 4 | M120: =SUM(H120:K120) -> 1 | N120: =G120+M120 -> 377 | O120: =B120*1+C120*0.5+D120*1.5+E120*3+F120*4.5+H120*0.5+I120*1.5+J120*3+K120*4+L120*8 -> 311.5
A121: 0945 - 1045 | B121: =B15+B16+B17+B18 -> 110 | C121: =C15+C16+C17+C18 -> 230 | D121: =D15+D16+D17+D18 -> 7 | E121: =E15+E16+E17+E18 -> 1 | F121: =F15+F16+F17+F18 -> 9 | G121: =SUM(B121:F121) -> 357 | H121: =H15+H16+H17+H18 -> 1 | I121: =I15+I16+I17+I18 -> 0 | J121: =J15+J16+J17+J18 -> 0 | K121: =K15+K16+K17+K18 -> 0 | L121: =L15+L16+L17+L18 -> 3 | M121: =SUM(H121:K121) -> 1 | N121: =G121+M121 -> 358 | O121: =B121*1+C121*0.5+D121*1.5+E121*3+F121*4.5+H121*0.5+I121*1.5+J121*3+K121*4+L121*8 -> 303.5
A122: 1000 - 1100 | B122: =B16+B17+B18+B19 -> 109 | C122: =C16+C17+C18+C19 -> 208 | D122: =D16+D17+D18+D19 -> 9 | E122: =E16+E17+E18+E19 -> 1 | F122: =F16+F17+F18+F19 -> 8 | G122: =SUM(B122:F122) -> 335 | H122: =H16+H17+H18+H19 -> 1 | I122: =I16+I17+I18+I19 -> 0 | J122: =J16+J17+J18+J19 -> 0 | K122: =K16+K17+K18+K19 -> 0 | L122: =L16+L17+L18+L19 -> 3 | M122: =SUM(H122:K122) -> 1 | N122: =G122+M122 -> 336 | O122: =B122*1+C122*0.5+D122*1.5+E122*3+F122*4.5+H122*0.5+I122*1.5+J122*3+K122*4+L122*8 -> 290
A123: 1015 - 1115 | B123: =B17+B18+B19+B20 -> 112 | C123: =C17+C18+C19+C20 -> 195 | D123: =D17+D18+D19+D20 -> 8 | E123: =E17+E18+E19+E20 -> 2 | F123: =F17+F18+F19+F20 -> 3 | G123: =SUM(B123:F123) -> 320 | H123: =H17+H18+H19+H20 -> 0 | I123: =I17+I18+I19+I20 -> 0 | J123: =J17+J18+J19+J20 -> 0 | K123: =K17+K18+K19+K20 -> 0 | L123: =L17+L18+L19+L20 -> 2 | M123: =SUM(H123:K123) -> 0 | N123: =G123+M123 -> 320 | O123: =B123*1+C123*0.5+D123*1.5+E123*3+F123*4.5+H123*0.5+I123*1.5+J123*3+K123*4+L123*8 -> 257
A124: 1030 - 1130 | B124: =B18+B19+B20+B21 -> 111 | C124: =C18+C19+C20+C21 -> 196 | D124: =D18+D19+D20+D21 -> 12 | E124: =E18+E19+E20+E21 -> 3 | F124: =F18+F19+F20+F21 -> 3 | G124: =SUM(B124:F124) -> 325 | H124: =H18+H19+H20+H21 -> 0 | I124: =I18+I19+I20+I21 -> 0 | J124: =J18+J19+J20+J21 -> 0 | K124: =K18+K19+K20+K21 -> 0 | L124: =L18+L19+L20+L21 -> 2 | M124: =SUM(H124:K124) -> 0 | N124: =G124+M124 -> 325 | O124: =B124*1+C124*0.5+D124*1.5+E124*3+F124*4.5+H124*0.5+I124*1.5+J124*3+K124*4+L124*8 -> 265.5
A125: 1045 - 1145 | B125: =B19+B20+B21+B22 -> 106 | C125: =C19+C20+C21+C22 -> 183 | D125: =D19+D20+D21+D22 -> 10 | E125: =E19+E20+E21+E22 -> 3 | F125: =F19+F20+F21+F22 -> 2 | G125: =SUM(B125:F125) -> 304 | H125: =H19+H20+H21+H22 -> 0 | I125: =I19+I20+I21+I22 -> 1 | J125: =J19+J20+J21+J22 -> 0 | K125: =K19+K20+K21+K22 -> 0 | L125: =L19+L20+L21+L22 -> 2 | M125: =SUM(H125:K125) -> 1 | N125: =G125+M125 -> 305 | O125: =B125*1+C125*0.5+D125*1.5+E125*3+F125*4.5+H125*0.5+I125*1.5+J125*3+K125*4+L125*8 -> 248
... A206: 0745 - 0845 | B206: =B100+B101+B102+B103 -> 31 | C206: =C100+C101+C102+C103 -> 92 | D206: =D100+D101+D102+D103 -> 2 | E206: =E100+E101+E102+E103 -> 0 | F206: =F100+F101+F102+F103 -> 0 | G206: =SUM(B206:F206) -> 125 | H206: =H100+H101+H102+H103 -> 0 | I206: =I100+I101+I102+I103 -> 0 | J206: =J100+J101+J102+J103 -> 0 | K206: =K100+K101+K102+K103 -> 0 | L206: =L100+L101+L102+L103 -> 0 | M206: =SUM(H206:K206) -> 0 | N206: =G206+M206 -> 125 | O206: =B206*1+C206*0.5+D206*1.5+E206*3+F206*4.5+H206*0.5+I206*1.5+J206*3+K206*4+L206*8 -> 80

Sheet V_2
A1: CLASSIFIED TRAFFIC VOLUME COUNT AT INTERSECTION
A2: Location Name : | B2: =Summary!B2 -> TMC-14 Number (D2)
A3: Location Code : | B3: =Summary!B3 -> D2
A4: Direction From : | B4: =+Summary!A6 -> Nindar | D4: To: | E4: =Summary!H16 -> Chomu Pulia
A6: Time | B6: Car, Taxi, Tempo, Auto Rickshaw & Pick up | C6: Motar Cycle, Scooter | D6: Agriculture Tractor, LCV Mini Bus | E6: Three Wheeler (Auto) Axle Truck, Buses | F6: Tractor Trailor, Truck Trailor Units (3 Axle & MAV) | G6: Total Fast Vehicle | H6: Cycle | I6: Cycle Rickshaw | J6: Hand Cart | K6: Horse Drawn | L6: Bullock Corts | M6: Total Slow | N6: Grand Total (Nos.) | O6: Grand Total (PCU's)
A8: 0800-0815 | B8: 167 | C8: 176 | D8: 4 | E8: 8 | F8: 2 | G8: =SUM(B8:F8) -> 357 | H8: 2 | I8: 0 | J8: 0 | K8: 0 | L8: 6 | M8: 0 | N8: =G8+M8 -> 357 | O8: =B8*1+C8*0.5+D8*1.5+E8*3+F8*4.5+H8*0.5+I8*1.5+J8*3+K8*4+L8*8 -> 343
A9: 0815-0830 | B9: 183 | C9: 187 | D9: 2 | E9: 7 | F9: 0 | G9: =SUM(B9:F9) -> 379 | H9: 0 | I9: 0 | J9: 0 | K9: 0 | L9: 2 | M9: 0 | N9: =G9+M9 -> 379 | O9: =B9*1+C9*0.5+D9*1.5+E9*3+F9*4.5+H9*0.5+I9*1.5+J9*3+K9*4+L9*8 -> 316.5
A10: 0830-0845 | B10: 168 | C10: 157 | D10: 1 | E10: 14 | F10: 8 | G10: =SUM(B10:F10) -> 348 | H10: 0 | I10: 0 | J10: 0 | K10: 0 | L10: 1 | M10: 0 | N10: =G10+M10 -> 348 | O10: =B10*1+C10*0.5+D10*1.5+E10*3+F10*4.5+H10*0.5+I10*1.5+J10*3+K10*4+L10*8 -> 334
A11: 0845-0900 | B11: 104 | C11: 128 | D11: 1 | E11: 5 | F11: 0 | G11: =SUM(B11:F11) -> 238 | H11: 0 | I11: 0 | J11: 0 | K11: 0 | L11: 4 | M11: 0 | N11: =G11+M11 -> 238 | O11: =B11*1+C11*0.5+D11*1.5+E11*3+F11*4.5+H11*0.5+I11*1.5+J11*3+K11*4+L11*8 -> 216.5
A12: 0900-0915 | B12: 135 | C12: 157 | D12: 0 | E12: 8 | F12: 0 | G12: =SUM(B12:F12) -> 300 | H12: 0 | I12: 0 | J12: 0 | K12: 0 | L12: 4 | M12: 0 | N12: =G12+M12 -> 300 | O12: =B12*1+C12*0.5+D12*1.5+E12*3+F12*4.5+H12*0.5+I12*1.5+J12*3+K12*4+L12*8 -> 269.5
A13: 0915-0930 | B13: 143 | C13: 166 | D13: 3 | E13: 5 | F13: 0 | G13: =SUM(B13:F13) -> 317 | H13: 0 | I13: 0 | J13: 0 | K13: 0 | L13: 1 | M13: 0 | N13: =G13+M13 -> 317 | O13: =B13*1+C13*0.5+D13*1.5+E13*3+F13*4.5+H13*0.5+I13*1.5+J13*3+K13*4+L13*8 -> 253.5
A14: 0930-0945 | B14: 167 | C14: 210 | D14: 5 | E14: 9 | F14: 2 | G14: =SUM(B14:F14) -> 393 | H14: 0 | I14: 0 | J14: 0 | K14: 0 | L14: 4 | M14: 1 | N14: =G14+M14 -> 394 | O14: =B14*1+C14*0.5+D14*1.5+E14*3+F14*4.5+H14*0.5+I14*1.5+J14*3+K14*4+L14*8 -> 347.5
A15: 0945-1000 | B15: 181 | C15: 160 | D15: 6 | E15: 20 | F15: 1 | G15: =SUM(B15:F15) -> 368 | H15: 0 | I15: 0 | J15: 0 | K15: 0 | L15: 1 | M15: 0 | N15: =G15+M15 -> 368 | O15: =B15*1+C15*0.5+D15*1.5+E15*3+F15*4.5+H15*0.5+I15*1.5+J15*3+K15*4+L15*8 -> 342.5
A16: 1000-1015 | B16: 167 | C16: 132 | D16: 6 | E16: 18 | F16: 4 | G16: =SUM(B16:F16) -> 327 | H16: 0 | I16: 0 | J16: 0 | K16: 0 | L16: 1 | M16: 0 | N16: =G16+M16 -> 327 | O16: =B16*1+C16*0.5+D16*1.5+E16*3+F16*4.5+H16*0.5+I16*1.5+J16*3+K16*4+L16*8 -> 322
A17: 1015-1030 | B17: 192 | C17: 126 | D17: 8 | E17: 14 | F17: 5 | G17: =SUM(B17:F17) -> 345 | H17: 0 | I17: 0 | J17: 0 | K17: 0 | L17: 0 | M17: 0 | N17: =G17+M17 -> 345 | O17: =B17*1+C17*0.5+D17*1.5+E17*3+F17*4.5+H17*0.5+I17*1.5+J17*3+K17*4+L17*8 -> 331.5
A18: 1030-1045 | B18: 134 | C18: 33 | D18: 3 | E18: 18 | F18: 5 | G18: =SUM(B18:F18) -> 193 | H18: 0 | I18: 0 | J18: 0 | K18: 0 | L18: 0 | M18: 0 | N18: =G18+M18 -> 193 | O18: =B18*1+C18*0.5+D18*1.5+E18*3+F18*4.5+H18*0.5+I18*1.5+J18*3+K18*4+L18*8 -> 231.5
A19: 1045-1100 | B19: 144 | C19: 47 | D19: 4 | E19: 10 | F19: 2 | G19: =SUM(B19:F19) -> 207 | H19: 0 | I19: 0 | J19: 0 | K19: 0 | L19: 2 | M19: 0 | N19: =G19+M19 -> 207 | O19: =B19*1+C19*0.5+D19*1.5+E19*3+F19*4.5+H19*0.5+I19*1.5+J19*3+K19*4+L19*8 -> 228.5
... A103: 0745-0800 | B103: 290 | C103: 575 | D103: 3 | E103: 9 | F103: 2 | G103: =SUM(B103:F103) -> 879 | H103: 3 | I103: 0 | J103: 0 | K103: 0 | L103: 3 | M103: 0 | N103: =G103+M103 -> 879 | O103: =B103*1+C103*0.5+D103*1.5+E103*3+F103*4.5+H103*0.5+I103*1.5+J103*3+K103*4+L103*8 -> 643.5
A104: Total (Veh.) | B104: =SUM(B8:B103) -> 8964 | C104: =SUM(C8:C103) -> 7500 | D104: =SUM(D8:D103) -> 293 | E104: =SUM(E8:E103) -> 617 | F104: =SUM(F8:F103) -> 147 | G104: =SUM(G8:G103) -> 17521 | H104: =SUM(H8:H103) -> 19 | I104: =SUM(I8:I103) -> 0 | ... O104: =SUM(O8:O103) -> 16243.5
A105: Total (PCUs) | B105: =+B104*1 -> 8964 | C105: =+C104*0.5 -> 3750 | D105: =+D104*1.5 -> 439.5 | E105: =+E104*3 -> 1851 | F105: =+F104*4.5 -> 661.5 | G105: =SUM(B105:F105) -> 15666 | H105: =+H104*0.5 -> 9.5 | I105: =+I104*1.5 -> 0 | J105: =+J104*3 -> 0 | K105: =+K104*4 -> 0 | L105: =+L104*8 -> 568 | M105: =SUM(H105:L105) -> 577.5 | O105: =G105+M105 -> 16243.5
A106: Composition | B106: =B104/$N$104 -> 0.51143949 | C106: =C104/$N$104 -> 0.42791122 | D106: =D104/$N$104 -> 0.016717065 | E106: =E104/$N$104 -> 0.03520283 | F106: =F104/$N$104 -> 0.00838706 | G106: =G104/$N$104 -> 0.99965767 | H106: =H104/$N$104 -> 0.0010840418 | I106: =I104/$N$104 -> 0 | ... N106: =N104/$N$104 -> 1
A108: Location Name : | B108: =B2 -> TMC-14 Number (D2)
A109: Location Code : | B109: =B3 -> D2
A110: Direction From : | B110: =B4 -> Nindar | D110: =D4 -> To:
A112: Time | B112: Car, Taxi, Tempo, Auto Rickshaw & Pick up | C112: Motar Cycle, Scooter | D112: Agriculture Tractor, LCV Mini Bus | E112: Three Wheeler (Auto) Axle Truck, Buses | F112: Tractor Trailor, Truck Trailor Units (3 Axle & MAV) | G112: Total Fast Vehicle | H112: Cycle | I112: Cycle Rickshaw | J112: Hand Cart | K112: Horse Drawn | L112: Bullock Corts | M112: Total Slow | N112: Grand Total (Nos.) | O112: Grand Total (PCU's)
A114: 0800 - 0900 | B114: =B8+B9+B10+B11 -> 622 | C114: =C8+C9+C10+C11 -> 648 | D114: =D8+D9+D10+D11 -> 8 | E114: =E8+E9+E10+E11 -> 34 | F114: =F8+F9+F10+F11 -> 10 | G114: =SUM(B114:F114) -> 1322 | H114: =H8+H9+H10+H11 -> 2 | I114: =I8+I9+I10+I11 -> 0 | J114: =J8+J9+J10+J11 -> 0 | K114: =K8+K9+K10+K11 -> 0 | L114: =L8+L9+L10+L11 -> 13 | M114: =SUM(H114:K114) -> 2 | N114: =G114+M114 -> 1324 | O114: =B114*1+C114*0.5+D114*1.5+E114*3+F114*4.5+H114*0.5+I114*1.5+J114*3+K114*4+L114*8 -> 1210
A115: 0815 - 0915 | B115: =B9+B10+B11+B12 -> 590 | C115: =C9+C10+C11+C12 -> 629 | D115: =D9+D10+D11+D12 -> 4 | E115: =E9+E10+E11+E12 -> 34 | F115: =F9+F10+F11+F12 -> 8 | G115: =SUM(B115:F115) -> 1265 | H115: =H9+H10+H11+H12 -> 0 | I115: =I9+I10+I11+I12 -> 0 | J115: =J9+J10+J11+J12 -> 0 | K115: =K9+K10+K11+K12 -> 0 | L115: =L9+L10+L11+L12 -> 11 | M115: =SUM(H115:K115) -> 0 | N115: =G115+M115 -> 1265 | O115: =B115*1+C115*0.5+D115*1.5+E115*3+F115*4.5+H115*0.5+I115*1.5+J115*3+K115*4+L115*8 -> 1136.5
A116: 0830 - 0930 | B116: =B10+B11+B12+B13 -> 550 | C116: =C10+C11+C12+C13 -> 608 | D116: =D10+D11+D12+D13 -> 5 | E116: =E10+E11+E12+E13 -> 32 | F116: =F10+F11+F12+F13 -> 8 | G116: =SUM(B116:F116) -> 1203 | H116: =H10+H11+H12+H13 -> 0 | I116: =I10+I11+I12+I13 -> 0 | J116: =J10+J11+J12+J13 -> 0 | K116: =K10+K11+K12+K13 -> 0 | L116: =L10+L11+L12+L13 -> 10 | M116: =SUM(H116:K116) -> 0 | N116: =G116+M116 -> 1203 | O116: =B116*1+C116*0.5+D116*1.5+E116*3+F116*4.5+H116*0.5+I116*1.5+J116*3+K116*4+L116*8 -> 1073.5
A117: 0845 - 0945 | B117: =B11+B12+B13+B14 -> 549 | C117: =C11+C12+C13+C14 -> 661 | D117: =D11+D12+D13+D14 -> 9 | E117: =E11+E12+E13+E14 -> 27 | F117: =F11+F12+F13+F14 -> 2 | G117: =SUM(B117:F117) -> 1248 | H117: =H11+H12+H13+H14 -> 0 | I117: =I11+I12+I13+I14 -> 0 | J117: =J11+J12+J13+J14 -> 0 | K117: =K11+K12+K13+K14 -> 0 | L117: =L11+L12+L13+L14 -> 13 | M117: =SUM(H117:K117) -> 0 | N117: =G117+M117 -> 1248 | O117: =B117*1+C117*0.5+D117*1.5+E117*3+F117*4.5+H117*0.5+I117*1.5+J117*3+K117*4+L117*8 -> 1087
A118: 0900 - 1000 | B118: =B12+B13+B14+B15 -> 626 | C118: =C12+C13+C14+C15 -> 693 | D118: =D12+D13+D14+D15 -> 14 | E118: =E12+E13+E14+E15 -> 42 | F118: =F12+F13+F14+F15 -> 3 | G118: =SUM(B118:F118) -> 1378 | H118: =H12+H13+H14+H15 -> 0 | I118: =I12+I13+I14+I15 -> 0 | J118: =J12+J13+J14+J15 -> 0 | K118: =K12+K13+K14+K15 -> 0 | L118: =L12+L13+L14+L15 -> 10 | M118: =SUM(H118:K118) -> 0 | N118: =G118+M118 -> 1378 | O118: =B118*1+C118*0.5+D118*1.5+E118*3+F118*4.5+H118*0.5+I118*1.5+J118*3+K118*4+L118*8 -> 1213
A119: 0915 - 1015 | B119: =B13+B14+B15+B16 -> 658 | C119: =C13+C14+C15+C16 -> 668 | D119: =D13+D14+D15+D16 -> 20 | E119: =E13+E14+E15+E16 -> 52 | F119: =F13+F14+F15+F16 -> 7 | G119: =SUM(B119:F119) -> 1405 | H119: =H13+H14+H15+H16 -> 0 | I119: =I13+I14+I15+I16 -> 0 | J119: =J13+J14+J15+J16 -> 0 | K119: =K13+K14+K15+K16 -> 0 | L119: =L13+L14+L15+L16 -> 7 | M119: =SUM(H119:K119) -> 0 | N119: =G119+M119 -> 1405 | O119: =B119*1+C119*0.5+D119*1.5+E119*3+F119*4.5+H119*0.5+I119*1.5+J119*3+K119*4+L119*8 -> 1265.5
A120: 0930 - 1030 | B120: =B14+B15+B16+B17 -> 707 | C120: =C14+C15+C16+C17 -> 628 | D120: =D14+D15+D16+D17 -> 25 | E120: =E14+E15+E16+E17 -> 61 | F120: =F14+F15+F16+F17 -> 12 | G120: =SUM(B120:F120) -> 1433 | H120: =H14+H15+H16+H17 -> 0 | I120: =I14+I15+I16+I17 -> 0 | J120: =J14+J15+J16+J17 -> 0 | K120: =K14+K15+K16+K17 -> 0 | L120: =L14+L15+L16+L17 -> 6 | M120: =SUM(H120:K120) -> 0 | N120: =G120+M120 -> 1433 | O120: =B120*1+C120*0.5+D120*1.5+E120*3+F120*4.5+H120*0.5+I120*1.5+J120*3+K120*4+L120*8 -> 1343.5
A121: 0945 - 1045 | B121: =B15+B16+B17+B18 -> 674 | C121: =C15+C16+C17+C18 -> 451 | D121: =D15+D16+D17+D18 -> 23 | E121: =E15+E16+E17+E18 -> 70 | F121: =F15+F16+F17+F18 -> 15 | G121: =SUM(B121:F121) -> 1233 | H121: =H15+H16+H17+H18 -> 0 | I121: =I15+I16+I17+I18 -> 0 | J121: =J15+J16+J17+J18 -> 0 | K121: =K15+K16+K17+K18 -> 0 | L121: =L15+L16+L17+L18 -> 2 | M121: =SUM(H121:K121) -> 0 | N121: =G121+M121 -> 1233 | O121: =B121*1+C121*0.5+D121*1.5+E121*3+F121*4.5+H121*0.5+I121*1.5+J121*3+K121*4+L121*8 -> 1227.5
A122: 1000 - 1100 | B122: =B16+B17+B18+B19 -> 637 | C122: =C16+C17+C18+C19 -> 338 | D122: =D16+D17+D18+D19 -> 21 | E122: =E16+E17+E18+E19 -> 60 | F122: =F16+F17+F18+F19 -> 16 | G122: =SUM(B122:F122) -> 1072 | H122: =H16+H17+H18+H19 -> 0 | I122: =I16+I17+I18+I19 -> 0 | J122: =J16+J17+J18+J19 -> 0 | K122: =K16+K17+K18+K19 -> 0 | L122: =L16+L17+L18+L19 -> 3 | M122: =SUM(H122:K122) -> 0 | N122: =G122+M122 -> 1072 | O122: =B122*1+C122*0.5+D122*1.5+E122*3+F122*4.5+H122*0.5+I122*1.5+J122*3+K122*4+L122*8 -> 1113.5
A123: 1015 - 1115 | B123: =B17+B18+B19+B20 -> 647 | C123: =C17+C18+C19+C20 -> 278 | D123: =D17+D18+D19+D20 -> 22 | E123: =E17+E18+E19+E20 -> 51 | F123: =F17+F18+F19+F20 -> 14 | G123: =SUM(B123:F123) -> 1012 | H123: =H17+H18+H19+H20 -> 0 | I123: =I17+I18+I19+I20 -> 0 | J123: =J17+J18+J19+J20 -> 0 | K123: =K17+K18+K19+K20 -> 0 | L123: =L17+L18+L19+L20 -> 3 | M123: =SUM(H123:K123) -> 0 | N123: =G123+M123 -> 1012 | O123: =B123*1+C123*0.5+D123*1.5+E123*3+F123*4.5+H123*0.5+I123*1.5+J123*3+K123*4+L123*8 -> 1059
A124: 1030 - 1130 | B124: =B18+B19+B20+B21 -> 641 | C124: =C18+C19+C20+C21 -> 333 | D124: =D18+D19+D20+D21 -> 18 | E124: =E18+E19+E20+E21 -> 50 | F124: =F18+F19+F20+F21 -> 12 | G124: =SUM(B124:F124) -> 1054 | H124: =H18+H19+H20+H21 -> 0 | I124: =I18+I19+I20+I21 -> 0 | J124: =J18+J19+J20+J21 -> 0 | K124: =K18+K19+K20+K21 -> 0 | L124: =L18+L19+L20+L21 -> 4 | M124: =SUM(H124:K124) -> 0 | N124: =G124+M124 -> 1054 | O124: =B124*1+C124*0.5+D124*1.5+E124*3+F124*4.5+H124*0.5+I124*1.5+J124*3+K124*4+L124*8 -> 1070.5
A125: 1045 - 1145 | B125: =B19+B20+B21+B22 -> 677 | C125: =C19+C20+C21+C22 -> 333 | D125: =D19+D20+D21+D22 -> 20 | E125: =E19+E20+E21+E22 -> 48 | F125: =F19+F20+F21+F22 -> 11 | G125: =SUM(B125:F125) -> 1089 | H125: =H19+H20+H21+H22 -> 0 | I125: =I19+I20+I21+I22 -> 0 | J125: =J19+J20+J21+J22 -> 0 | K125: =K19+K20+K21+K22 -> 0 | L125: =L19+L20+L21+L22 -> 4 | M125: =SUM(H125:K125) -> 0 | N125: =G125+M125 -> 1089 | O125: =B125*1+C125*0.5+D125*1.5+E125*3+F125*4.5+H125*0.5+I125*1.5+J125*3+K125*4+L125*8 -> 1099
... A206: 0745 - 0845 | B206: =B100+B101+B102+B103 -> 954 | C206: =C100+C101+C102+C103 -> 1922 | D206: =D100+D101+D102+D103 -> 8 | E206: =E100+E101+E102+E103 -> 22 | F206: =F100+F101+F102+F103 -> 4 | G206: =SUM(B206:F206) -> 2910 | H206: =H100+H101+H102+H103 -> 8 | I206: =I100+I101+I102+I103 -> 0 | J206: =J100+J101+J102+J103 -> 0 | K206: =K100+K101+K102+K103 -> 0 | L206: =L100+L101+L102+L103 -> 10 | M206: =SUM(H206:K206) -> 8 | N206: =G206+M206 -> 2918 | O206: =B206*1+C206*0.5+D206*1.5+E206*3+F206*4.5+H206*0.5+I206*1.5+J206*3+K206*4+L206*8 -> 2095

Sheet V_3
A1: CLASSIFIED TRAFFIC VOLUME COUNT AT INTERSECTION
A2: Location Name : | B2: =Summary!B2 -> TMC-14 Number (D2)
A3: Location Code : | B3: =Summary!B3 -> D2
A4: Direction From : | B4: =+Summary!A6 -> Nindar | D4: To: | E4: =Summary!F11 -> Mansarover
A6: Time | B6: Car, Taxi, Tempo, Auto Rickshaw & Pick up | C6: Motar Cycle, Scooter | D6: Agriculture Tractor, LCV Mini Bus | E6: Three Wheeler (Auto) Axle Truck, Buses | F6: Tractor Trailor, Truck Trailor Units (3 Axle & MAV) | G6: Total Fast Vehicle | H6: Cycle | I6: Cycle Rickshaw | J6: Hand Cart | K6: Horse Drawn | L6: Bullock Corts | M6: Total Slow | N6: Grand Total (Nos.) | O6: Grand Total (PCU's)
A8: 0800-0815 | B8: 130 | C8: 66 | D8: 6 | E8: 0 | F8: 9 | G8: =SUM(B8:F8) -> 211 | H8: 0 | I8: 0 | J8: 0 | K8: 0 | L8: 0 | M8: 1 | N8: =G8+M8 -> 212 | O8: =B8*1+C8*0.5+D8*1.5+E8*3+F8*4.5+H8*0.5+I8*1.5+J8*3+K8*4+L8*8 -> 212.5
A9: 0815-0830 | B9: 97 | C9: 104 | D9: 7 | E9: 1 | F9: 5 | G9: =SUM(B9:F9) -> 214 | H9: 1 | I9: 0 | J9: 0 | K9: 0 | L9: 0 | M9: 0 | N9: =G9+M9 -> 214 | O9: =B9*1+C9*0.5+D9*1.5+E9*3+F9*4.5+H9*0.5+I9*1.5+J9*3+K9*4+L9*8 -> 185.5
A10: 0830-0845 | B10: 87 | C10: 111 | D10: 6 | E10: 1 | F10: 7 | G10: =SUM(B10:F10) -> 212 | H10: 0 | I10: 0 | J10: 0 | K10: 0 | L10: 0 | M10: 0 | N10: =G10+M10 -> 212 | O10: =B10*1+C10*0.5+D10*1.5+E10*3+F10*4.5+H10*0.5+I10*1.5+J10*3+K10*4+L10*8 -> 186
A11: 0845-0900 | B11: 91 | C11: 60 | D11: 4 | E11: 0 | F11: 2 | G11: =SUM(B11:F11) -> 157 | H11: 0 | I11: 0 | J11: 0 | K11: 0 | L11: 0 | M11: 0 | N11: =G11+M11 -> 157 | O11: =B11*1+C11*0.5+D11*1.5+E11*3+F11*4.5+H11*0.5+I11*1.5+J11*3+K11*4+L11*8 -> 136
A12: 0900-0915 | B12: 95 | C12: 78 | D12: 3 | E12: 1 | F12: 8 | G12: =SUM(B12:F12) -> 185 | H12: 0 | I12: 0 | J12: 0 | K12: 0 | L12: 0 | M12: 0 | N12: =G12+M12 -> 185 | O12: =B12*1+C12*0.5+D12*1.5+E12*3+F12*4.5+H12*0.5+I12*1.5+J12*3+K12*4+L12*8 -> 177.5
A13: 0915-0930 | B13: 108 | C13: 86 | D13: 5 | E13: 1 | F13: 4 | G13: =SUM(B13:F13) -> 204 | H13: 0 | I13: 0 | J13: 0 | K13: 0 | L13: 0 | M13: 0 | N13: =G13+M13 -> 204 | O13: =B13*1+C13*0.5+D13*1.5+E13*3+F13*4.5+H13*0.5+I13*1.5+J13*3+K13*4+L13*8 -> 179.5
A14: 0930-0945 | B14: 125 | C14: 111 | D14: 2 | E14: 1 | F14: 5 | G14: =SUM(B14:F14) -> 244 | H14: 0 | I14: 0 | J14: 0 | K14: 0 | L14: 0 | M14: 0 | N14: =G14+M14 -> 244 | O14: =B14*1+C14*0.5+D14*1.5+E14*3+F14*4.5+H14*0.5+I14*1.5+J14*3+K14*4+L14*8 -> 209
A15: 0945-1000 | B15: 176 | C15: 94 | D15: 5 | E15: 1 | F15: 10 | G15: =SUM(B15:F15) -> 286 | H15: 0 | I15: 0 | J15: 0 | K15: 0 | L15: 0 | M15: 0 | N15: =G15+M15 -> 286 | O15: =B15*1+C15*0.5+D15*1.5+E15*3+F15*4.5+H15*0.5+I15*1.5+J15*3+K15*4+L15*8 -> 278.5
A16: 1000-1015 | B16: 116 | C16: 63 | D16: 4 | E16: 1 | F16: 6 | G16: =SUM(B16:F16) -> 190 | H16: 0 | I16: 0 | J16: 0 | K16: 0 | L16: 0 | M16: 0 | N16: =G16+M16 -> 190 | O16: =B16*1+C16*0.5+D16*1.5+E16*3+F16*4.5+H16*0.5+I16*1.5+J16*3+K16*4+L16*8 -> 183.5
A17: 1015-1030 | B17: 121 | C17: 72 | D17: 8 | E17: 0 | F17: 9 | G17: =SUM(B17:F17) -> 210 | H17: 0 | I17: 0 | J17: 0 | K17: 0 | L17: 0 | M17: 0 | N17: =G17+M17 -> 210 | O17: =B17*1+C17*0.5+D17*1.5+E17*3+F17*4.5+H17*0.5+I17*1.5+J17*3+K17*4+L17*8 -> 209.5
A18: 1030-1045 | B18: 105 | C18: 33 | D18: 4 | E18: 1 | F18: 7 | G18: =SUM(B18:F18) -> 150 | H18: 0 | I18: 0 | J18: 0 | K18: 0 | L18: 0 | M18: 0 | N18: =G18+M18 -> 150 | O18: =B18*1+C18*0.5+D18*1.5+E18*3+F18*4.5+H18*0.5+I18*1.5+J18*3+K18*4+L18*8 -> 162
A19: 1045-1100 | B19: 111 | C19: 33 | D19: 9 | E19: 1 | F19: 7 | G19: =SUM(B19:F19) -> 161 | H19: 0 | I19: 0 | J19: 0 | K19: 0 | L19: 0 | M19: 0 | N19: =G19+M19 -> 161 | O19: =B19*1+C19*0.5+D19*1.5+E19*3+F19*4.5+H19*0.5+I19*1.5+J19*3+K19*4+L19*8 -> 175.5
... A103: 0745-0800 | B103: 177 | C103: 45 | D103: 2 | E103: 1 | F103: 6 | G103: =SUM(B103:F103) -> 231 | H103: 0 | I103: 0 | J103: 0 | K103: 0 | L103: 0 | M103: 0 | N103: =G103+M103 -> 231 | O103: =B103*1+C103*0.5+D103*1.5+E103*3+F103*4.5+H103*0.5+I103*1.5+J103*3+K103*4+L103*8 -> 232.5
A104: Total (Veh.) | B104: =SUM(B8:B103) -> 6361 | C104: =SUM(C8:C103) -> 1717 | D104: =SUM(D8:D103) -> 357 | E104: =SUM(E8:E103) -> 114 | F104: =SUM(F8:F103) -> 548 | G104: =SUM(G8:G103) -> 9097 | H104: =SUM(H8:H103) -> 2 | I104: =SUM(I8:I103) -> 0 | ... O104: =SUM(O8:O103) -> 10572
A105: Total (PCUs) | B105: =+B104*1 -> 6361 | C105: =+C104*0.5 -> 858.5 | D105: =+D104*1.5 -> 535.5 | E105: =+E104*3 -> 342 | F105: =+F104*4.5 -> 2466 | G105: =SUM(B105:F105) -> 10563 | H105: =+H104*0.5 -> 1 | I105: =+I104*1.5 -> 0 | J105: =+J104*3 -> 0 | K105: =+K104*4 -> 0 | L105: =+L104*8 -> 8 | M105: =SUM(H105:L105) -> 9 | O105: =G105+M105 -> 10572
A106: Composition | B106: =B104/$N$104 -> 0.69901099 | C106: =C104/$N$104 -> 0.18868132 | D106: =D104/$N$104 -> 0.039230769 | E106: =E104/$N$104 -> 0.012527473 | F106: =F104/$N$104 -> 0.06021978 | G106: =G104/$N$104 -> 0.99967033 | H106: =H104/$N$104 -> 0.00021978022 | I106: =I104/$N$104 -> 0 | ... N106: =N104/$N$104 -> 1
A108: Location Name : | B108: =B2 -> TMC-14 Number (D2)
A109: Location Code : | B109: =B3 -> D2
A110: Direction From : | B110: =B4 -> Nindar | D110: =D4 -> To:
A112: Time | B112: Car, Taxi, Tempo, Auto Rickshaw & Pick up | C112: Motar Cycle, Scooter | D112: Agriculture Tractor, LCV Mini Bus | E112: Three Wheeler (Auto) Axle Truck, Buses | F112: Tractor Trailor, Truck Trailor Units (3 Axle & MAV) | G112: Total Fast Vehicle | H112: Cycle | I112: Cycle Rickshaw | J112: Hand Cart | K112: Horse Drawn | L112: Bullock Corts | M112: Total Slow | N112: Grand Total (Nos.) | O112: Grand Total (PCU's)
A114: 0800 - 0900 | B114: =B8+B9+B10+B11 -> 405 | C114: =C8+C9+C10+C11 -> 341 | D114: =D8+D9+D10+D11 -> 23 | E114: =E8+E9+E10+E11 -> 2 | F114: =F8+F9+F10+F11 -> 23 | G114: =SUM(B114:F114) -> 794 | H114: =H8+H9+H10+H11 -> 1 | I114: =I8+I9+I10+I11 -> 0 | J114: =J8+J9+J10+J11 -> 0 | K114: =K8+K9+K10+K11 -> 0 | L114: =L8+L9+L10+L11 -> 0 | M114: =SUM(H114:K114) -> 1 | N114: =G114+M114 -> 795 | O114: =B114*1+C114*0.5+D114*1.5+E114*3+F114*4.5+H114*0.5+I114*1.5+J114*3+K114*4+L114*8 -> 720
A115: 0815 - 0915 | B115: =B9+B10+B11+B12 -> 370 | C115: =C9+C10+C11+C12 -> 353 | D115: =D9+D10+D11+D12 -> 20 | E115: =E9+E10+E11+E12 -> 3 | F115: =F9+F10+F11+F12 -> 22 | G115: =SUM(B115:F115) -> 768 | H115: =H9+H10+H11+H12 -> 1 | I115: =I9+I10+I11+I12 -> 0 | J115: =J9+J10+J11+J12 -> 0 | K115: =K9+K10+K11+K12 -> 0 | L115: =L9+L10+L11+L12 -> 0 | M115: =SUM(H115:K115) -> 1 | N115: =G115+M115 -> 769 | O115: =B115*1+C115*0.5+D115*1.5+E115*3+F115*4.5+H115*0.5+I115*1.5+J115*3+K115*4+L115*8 -> 685
A116: 0830 - 0930 | B116: =B10+B11+B12+B13 -> 381 | C116: =C10+C11+C12+C13 -> 335 | D116: =D10+D11+D12+D13 -> 18 | E116: =E10+E11+E12+E13 -> 3 | F116: =F10+F11+F12+F13 -> 21 | G116: =SUM(B116:F116) -> 758 | H116: =H10+H11+H12+H13 -> 0 | I116: =I10+I11+I12+I13 -> 0 | J116: =J10+J11+J12+J13 -> 0 | K116: =K10+K11+K12+K13 -> 0 | L116: =L10+L11+L12+L13 -> 0 | M116: =SUM(H116:K116) -> 0 | N116: =G116+M116 -> 758 | O116: =B116*1+C116*0.5+D116*1.5+E116*3+F116*4.5+H116*0.5+I116*1.5+J116*3+K116*4+L116*8 -> 679
A117: 0845 - 0945 | B117: =B11+B12+B13+B14 -> 419 | C117: =C11+C12+C13+C14 -> 335 | D117: =D11+D12+D13+D14 -> 14 | E117: =E11+E12+E13+E14 -> 3 | F117: =F11+F12+F13+F14 -> 19 | G117: =SUM(B117:F117) -> 790 | H117: =H11+H12+H13+H14 -> 0 | I117: =I11+I12+I13+I14 -> 0 | J117: =J11+J12+J13+J14 -> 0 | K117: =K11+K12+K13+K14 -> 0 | L117: =L11+L12+L13+L14 -> 0 | M117: =SUM(H117:K117) -> 0 | N117: =G117+M117 -> 790 | O117: =B117*1+C117*0.5+D117*1.5+E117*3+F117*4.5+H117*0.5+I117*1.5+J117*3+K117*4+L117*8 -> 702
A118: 0900 - 1000 | B118: =B12+B13+B14+B15 -> 504 | C118: =C12+C13+C14+C15 -> 369 | D118: =D12+D13+D14+D15 -> 15 | E118: =E12+E13+E14+E15 -> 4 | F118: =F12+F13+F14+F15 -> 27 | G118: =SUM(B118:F118) -> 919 | H118: =H12+H13+H14+H15 -> 0 | I118: =I12+I13+I14+I15 -> 0 | J118: =J12+J13+J14+J15 -> 0 | K118: =K12+K13+K14+K15 -> 0 | L118: =L12+L13+L14+L15 -> 0 | M118: =SUM(H118:K118) -> 0 | N118: =G118+M118 -> 919 | O118: =B118*1+C118*0.5+D118*1.5+E118*3+F118*4.5+H118*0.5+I118*1.5+J118*3+K118*4+L118*8 -> 844.5
A119: 0915 - 1015 | B119: =B13+B14+B15+B16 -> 525 | C119: =C13+C14+C15+C16 -> 354 | D119: =D13+D14+D15+D16 -> 16 | E119: =E13+E14+E15+E16 -> 4 | F119: =F13+F14+F15+F16 -> 25 | G119: =SUM(B119:F119) -> 924 | H119: =H13+H14+H15+H16 -> 0 | I119: =I13+I14+I15+I16 -> 0 | J119: =J13+J14+J15+J16 -> 0 | K119: =K13+K14+K15+K16 -> 0 | L119: =L13+L14+L15+L16 -> 0 | M119: =SUM(H119:K119) -> 0 | N119: =G119+M119 -> 924 | O119: =B119*1+C119*0.5+D119*1.5+E119*3+F119*4.5+H119*0.5+I119*1.5+J119*3+K119*4+L119*8 -> 850.5
A120: 0930 - 1030 | B120: =B14+B15+B16+B17 -> 538 | C120: =C14+C15+C16+C17 -> 340 | D120: =D14+D15+D16+D17 -> 19 | E120: =E14+E15+E16+E17 -> 3 | F120: =F14+F15+F16+F17 -> 30 | G120: =SUM(B120:F120) -> 930 | H120: =H14+H15+H16+H17 -> 0 | I120: =I14+I15+I16+I17 -> 0 | J120: =J14+J15+J16+J17 -> 0 | K120: =K14+K15+K16+K17 -> 0 | L120: =L14+L15+L16+L17 -> 0 | M120: =SUM(H120:K120) -> 0 | N120: =G120+M120 -> 930 | O120: =B120*1+C120*0.5+D120*1.5+E120*3+F120*4.5+H120*0.5+I120*1.5+J120*3+K120*4+L120*8 -> 880.5
A121: 0945 - 1045 | B121: =B15+B16+B17+B18 -> 518 | C121: =C15+C16+C17+C18 -> 262 | D121: =D15+D16+D17+D18 -> 21 | E121: =E15+E16+E17+E18 -> 3 | F121: =F15+F16+F17+F18 -> 32 | G121: =SUM(B121:F121) -> 836 | H121: =H15+H16+H17+H18 -> 0 | I121: =I15+I16+I17+I18 -> 0 | J121: =J15+J16+J17+J18 -> 0 | K121: =K15+K16+K17+K18 -> 0 | L121: =L15+L16+L17+L18 -> 0 | M121: =SUM(H121:K121) -> 0 | N121: =G121+M121 -> 836 | O121: =B121*1+C121*0.5+D121*1.5+E121*3+F121*4.5+H121*0.5+I121*1.5+J121*3+K121*4+L121*8 -> 833.5
A122: 1000 - 1100 | B122: =B16+B17+B18+B19 -> 453 | C122: =C16+C17+C18+C19 -> 201 | D122: =D16+D17+D18+D19 -> 25 | E122: =E16+E17+E18+E19 -> 3 | F122: =F16+F17+F18+F19 -> 29 | G122: =SUM(B122:F122) -> 711 | H122: =H16+H17+H18+H19 -> 0 | I122: =I16+I17+I18+I19 -> 0 | J122: =J16+J17+J18+J19 -> 0 | K122: =K16+K17+K18+K19 -> 0 | L122: =L16+L17+L18+L19 -> 0 | M122: =SUM(H122:K122) -> 0 | N122: =G122+M122 -> 711 | O122: =B122*1+C122*0.5+D122*1.5+E122*3+F122*4.5+H122*0.5+I122*1.5+J122*3+K122*4+L122*8 -> 730.5
A123: 1015 - 1115 | B123: =B17+B18+B19+B20 -> 463 | C123: =C17+C18+C19+C20 -> 179 | D123: =D17+D18+D19+D20 -> 29 | E123: =E17+E18+E19+E20 -> 4 | F123: =F17+F18+F19+F20 -> 32 | G123: =SUM(B123:F123) -> 707 | H123: =H17+H18+H19+H20 -> 0 | I123: =I17+I18+I19+I20 -> 0 | J123: =J17+J18+J19+J20 -> 0 | K123: =K17+K18+K19+K20 -> 0 | L123: =L17+L18+L19+L20 -> 0 | M123: =SUM(H123:K123) -> 0 | N123: =G123+M123 -> 707 | O123: =B123*1+C123*0.5+D123*1.5+E123*3+F123*4.5+H123*0.5+I123*1.5+J123*3+K123*4+L123*8 -> 752
A124: 1030 - 1130 | B124: =B18+B19+B20+B21 -> 475 | C124: =C18+C19+C20+C21 -> 134 | D124: =D18+D19+D20+D21 -> 28 | E124: =E18+E19+E20+E21 -> 6 | F124: =F18+F19+F20+F21 -> 32 | G124: =SUM(B124:F124) -> 675 | H124: =H18+H19+H20+H21 -> 0 | I124: =I18+I19+I20+I21 -> 0 | J124: =J18+J19+J20+J21 -> 0 | K124: =K18+K19+K20+K21 -> 0 | L124: =L18+L19+L20+L21 -> 0 | M124: =SUM(H124:K124) -> 0 | N124: =G124+M124 -> 675 | O124: =B124*1+C124*0.5+D124*1.5+E124*3+F124*4.5+H124*0.5+I124*1.5+J124*3+K124*4+L124*8 -> 746
A125: 1045 - 1145 | B125: =B19+B20+B21+B22 -> 477 | C125: =C19+C20+C21+C22 -> 119 | D125: =D19+D20+D21+D22 -> 33 | E125: =E19+E20+E21+E22 -> 7 | F125: =F19+F20+F21+F22 -> 39 | G125: =SUM(B125:F125) -> 675 | H125: =H19+H20+H21+H22 -> 0 | I125: =I19+I20+I21+I22 -> 0 | J125: =J19+J20+J21+J22 -> 0 | K125: =K19+K20+K21+K22 -> 0 | L125: =L19+L20+L21+L22 -> 0 | M125: =SUM(H125:K125) -> 0 | N125: =G125+M125 -> 675 | O125: =B125*1+C125*0.5+D125*1.5+E125*3+F125*4.5+H125*0.5+I125*1.5+J125*3+K125*4+L125*8 -> 782.5
... A206: 0745 - 0845 | B206: =B100+B101+B102+B103 -> 565 | C206: =C100+C101+C102+C103 -> 122 | D206: =D100+D101+D102+D103 -> 11 | E206: =E100+E101+E102+E103 -> 4 | F206: =F100+F101+F102+F103 -> 14 | G206: =SUM(B206:F206) -> 716 | H206: =H100+H101+H102+H103 -> 1 | I206: =I100+I101+I102+I103 -> 0 | J206: =J100+J101+J102+J103 -> 0 | K206: =K100+K101+K102+K103 -> 0 | L206: =L100+L101+L102+L103 -> 0 | M206: =SUM(H206:K206) -> 1 | N206: =G206+M206 -> 717 | O206: =B206*1+C206*0.5+D206*1.5+E206*3+F206*4.5+H206*0.5+I206*1.5+J206*3+K206*4+L206*8 -> 718

Sheet V_4
A1: CLASSIFIED TRAFFIC VOLUME COUNT AT INTERSECTION
A2: Location Name : | B2: =Summary!B2 -> TMC-14 Number (D2)
A3: Location Code : | B3: =Summary!B3 -> D2
A4: Direction From : | B4: =Summary!J11 -> Delhi | D4: To: | E4: =Summary!H16 -> Chomu Pulia
A6: Time | B6: Car, Taxi, Tempo, Auto Rickshaw & Pick up | C6: Motar Cycle, Scooter | D6: Agriculture Tractor, LCV Mini Bus | E6: Three Wheeler (Auto) Axle Truck, Buses | F6: Tractor Trailor, Truck Trailor Units (3 Axle & MAV) | G6: Total Fast Vehicle | H6: Cycle | I6: Cycle Rickshaw | J6: Hand Cart | K6: Horse Drawn | L6: Bullock Corts | M6: Total Slow | N6: Grand Total (Nos.) | O6: Grand Total (PCU's)
A8: 0800-0815 | B8: 14 | C8: 25 | D8: 1 | E8: 1 | F8: 6 | G8: =SUM(B8:F8) -> 47 | H8: 0 | I8: 0 | J8: 0 | K8: 0 | L8: 1 | M8: 0 | N8: =G8+M8 -> 47 | O8: =B8*1+C8*0.5+D8*1.5+E8*3+F8*4.5+H8*0.5+I8*1.5+J8*3+K8*4+L8*8 -> 66
A9: 0815-0830 | B9: 15 | C9: 13 | D9: 1 | E9: 1 | F9: 4 | G9: =SUM(B9:F9) -> 34 | H9: 0 | I9: 0 | J9: 0 | K9: 0 | L9: 0 | M9: 0 | N9: =G9+M9 -> 34 | O9: =B9*1+C9*0.5+D9*1.5+E9*3+F9*4.5+H9*0.5+I9*1.5+J9*3+K9*4+L9*8 -> 44
A10: 0830-0845 | B10: 31 | C10: 51 | D10: 3 | E10: 2 | F10: 2 | G10: =SUM(B10:F10) -> 89 | H10: 0 | I10: 0 | J10: 0 | K10: 0 | L10: 2 | M10: 0 | N10: =G10+M10 -> 89 | O10: =B10*1+C10*0.5+D10*1.5+E10*3+F10*4.5+H10*0.5+I10*1.5+J10*3+K10*4+L10*8 -> 92
A11: 0845-0900 | B11: 30 | C11: 52 | D11: 1 | E11: 1 | F11: 3 | G11: =SUM(B11:F11) -> 87 | H11: 0 | I11: 0 | J11: 0 | K11: 0 | L11: 0 | M11: 0 | N11: =G11+M11 -> 87 | O11: =B11*1+C11*0.5+D11*1.5+E11*3+F11*4.5+H11*0.5+I11*1.5+J11*3+K11*4+L11*8 -> 74
A12: 0900-0915 | B12: 45 | C12: 59 | D12: 1 | E12: 2 | F12: 1 | G12: =SUM(B12:F12) -> 108 | H12: 1 | I12: 0 | J12: 0 | K12: 0 | L12: 2 | M12: 0 | N12: =G12+M12 -> 108 | O12: =B12*1+C12*0.5+D12*1.5+E12*3+F12*4.5+H12*0.5+I12*1.5+J12*3+K12*4+L12*8 -> 103
A13: 0915-0930 | B13: 44 | C13: 53 | D13: 3 | E13: 1 | F13: 6 | G13: =SUM(B13:F13) -> 107 | H13: 1 | I13: 0 | J13: 0 | K13: 0 | L13: 3 | M13: 0 | N13: =G13+M13 -> 107 | O13: =B13*1+C13*0.5+D13*1.5+E13*3+F13*4.5+H13*0.5+I13*1.5+J13*3+K13*4+L13*8 -> 129.5
A14: 0930-0945 | B14: 39 | C14: 51 | D14: 4 | E14: 0 | F14: 6 | G14: =SUM(B14:F14) -> 100 | H14: 0 | I14: 0 | J14: 0 | K14: 0 | L14: 7 | M14: 0 | N14: =G14+M14 -> 100 | O14: =B14*1+C14*0.5+D14*1.5+E14*3+F14*4.5+H14*0.5+I14*1.5+J14*3+K14*4+L14*8 -> 153.5
A15: 0945-1000 | B15: 41 | C15: 43 | D15: 6 | E15: 5 | F15: 0 | G15: =SUM(B15:F15) -> 95 | H15: 0 | I15: 0 | J15: 0 | K15: 0 | L15: 0 | M15: 0 | N15: =G15+M15 -> 95 | O15: =B15*1+C15*0.5+D15*1.5+E15*3+F15*4.5+H15*0.5+I15*1.5+J15*3+K15*4+L15*8 -> 86.5
A16: 1000-1015 | B16: 42 | C16: 35 | D16: 5 | E16: 1 | F16: 8 | G16: =SUM(B16:F16) -> 91 | H16: 0 | I16: 0 | J16: 0 | K16: 0 | L16: 0 | M16: 0 | N16: =G16+M16 -> 91 | O16: =B16*1+C16*0.5+D16*1.5+E16*3+F16*4.5+H16*0.5+I16*1.5+J16*3+K16*4+L16*8 -> 106
A17: 1015-1030 | B17: 40 | C17: 32 | D17: 5 | E17: 0 | F17: 0 | G17: =SUM(B17:F17) -> 77 | H17: 0 | I17: 0 | J17: 0 | K17: 0 | L17: 2 | M17: 0 | N17: =G17+M17 -> 77 | O17: =B17*1+C17*0.5+D17*1.5+E17*3+F17*4.5+H17*0.5+I17*1.5+J17*3+K17*4+L17*8 -> 79.5
A18: 1030-1045 | B18: 64 | C18: 37 | D18: 7 | E18: 0 | F18: 6 | G18: =SUM(B18:F18) -> 114 | H18: 0 | I18: 0 | J18: 0 | K18: 0 | L18: 2 | M18: 0 | N18: =G18+M18 -> 114 | O18: =B18*1+C18*0.5+D18*1.5+E18*3+F18*4.5+H18*0.5+I18*1.5+J18*3+K18*4+L18*8 -> 136
A19: 1045-1100 | B19: 56 | C19: 39 | D19: 7 | E19: 0 | F19: 0 | G19: =SUM(B19:F19) -> 102 | H19: 0 | I19: 0 | J19: 0 | K19: 0 | L19: 1 | M19: 0 | N19: =G19+M19 -> 102 | O19: =B19*1+C19*0.5+D19*1.5+E19*3+F19*4.5+H19*0.5+I19*1.5+J19*3+K19*4+L19*8 -> 94
... A103: 0745-0800 | B103: 20 | C103: 26 | D103: 1 | E103: 1 | F103: 3 | G103: =SUM(B103:F103) -> 51 | H103: 0 | I103: 0 | J103: 0 | K103: 0 | L103: 0 | M103: 0 | N103: =G103+M103 -> 51 | O103: =B103*1+C103*0.5+D103*1.5+E103*3+F103*4.5+H103*0.5+I103*1.5+J103*3+K103*4+L103*8 -> 51
A104: Total (Veh.) | B104: =SUM(B8:B103) -> 3037 | C104: =SUM(C8:C103) -> 1653 | D104: =SUM(D8:D103) -> 241 | E104: =SUM(E8:E103) -> 125 | F104: =SUM(F8:F103) -> 223 | G104: =SUM(G8:G103) -> 5279 | H104: =SUM(H8:H103) -> 4 | I104: =SUM(I8:I103) -> 0 | ... O104: =SUM(O8:O103) -> 6269.5
A105: Total (PCUs) | B105: =+B104*1 -> 3037 | C105: =+C104*0.5 -> 826.5 | D105: =+D104*1.5 -> 361.5 | E105: =+E104*3 -> 375 | F105: =+F104*4.5 -> 1003.5 | G105: =SUM(B105:F105) -> 5603.5 | H105: =+H104*0.5 -> 2 | I105: =+I104*1.5 -> 0 | J105: =+J104*3 -> 0 | K105: =+K104*4 -> 0 | L105: =+L104*8 -> 664 | M105: =SUM(H105:L105) -> 666 | O105: =G105+M105 -> 6269.5
A106: Composition | B106: =B104/$N$104 -> 0.57529835 | C106: =C104/$N$104 -> 0.31312749 | D106: =D104/$N$104 -> 0.045652586 | E106: =E104/$N$104 -> 0.023678727 | F106: =F104/$N$104 -> 0.042242849 | G106: =G104/$N$104 -> 1 | H106: =H104/$N$104 -> 0.00075771927 | I106: =I104/$N$104 -> 0 | ... N106: =N104/$N$104 -> 1
A108: Location Name : | B108: =B2 -> TMC-14 Number (D2)
A109: Location Code : | B109: =B3 -> D2
A110: Direction From : | B110: =B4 -> Delhi | D110: =D4 -> To:
A112: Time | B112: Car, Taxi, Tempo, Auto Rickshaw & Pick up | C112: Motar Cycle, Scooter | D112: Agriculture Tractor, LCV Mini Bus | E112: Three Wheeler (Auto) Axle Truck, Buses | F112: Tractor Trailor, Truck Trailor Units (3 Axle & MAV) | G112: Total Fast Vehicle | H112: Cycle | I112: Cycle Rickshaw | J112: Hand Cart | K112: Horse Drawn | L112: Bullock Corts | M112: Total Slow | N112: Grand Total (Nos.) | O112: Grand Total (PCU's)
A114: 0800 - 0900 | B114: =B8+B9+B10+B11 -> 90 | C114: =C8+C9+C10+C11 -> 141 | D114: =D8+D9+D10+D11 -> 6 | E114: =E8+E9+E10+E11 -> 5 | F114: =F8+F9+F10+F11 -> 15 | G114: =SUM(B114:F114) -> 257 | H114: =H8+H9+H10+H11 -> 0 | I114: =I8+I9+I10+I11 -> 0 | J114: =J8+J9+J10+J11 -> 0 | K114: =K8+K9+K10+K11 -> 0 | L114: =L8+L9+L10+L11 -> 3 | M114: =SUM(H114:K114) -> 0 | N114: =G114+M114 -> 257 | O114: =B114*1+C114*0.5+D114*1.5+E114*3+F114*4.5+H114*0.5+I114*1.5+J114*3+K114*4+L114*8 -> 276
A115: 0815 - 0915 | B115: =B9+B10+B11+B12 -> 121 | C115: =C9+C10+C11+C12 -> 175 | D115: =D9+D10+D11+D12 -> 6 | E115: =E9+E10+E11+E12 -> 6 | F115: =F9+F10+F11+F12 -> 10 | G115: =SUM(B115:F115) -> 318 | H115: =H9+H10+H11+H12 -> 1 | I115: =I9+I10+I11+I12 -> 0 | J115: =J9+J10+J11+J12 -> 0 | K115: =K9+K10+K11+K12 -> 0 | L115: =L9+L10+L11+L12 -> 4 | M115: =SUM(H115:K115) -> 1 | N115: =G115+M115 -> 319 | O115: =B115*1+C115*0.5+D115*1.5+E115*3+F115*4.5+H115*0.5+I115*1.5+J115*3+K115*4+L115*8 -> 313
A116: 0830 - 0930 | B116: =B10+B11+B12+B13 -> 150 | C116: =C10+C11+C12+C13 -> 215 | D116: =D10+D11+D12+D13 -> 8 | E116: =E10+E11+E12+E13 -> 6 | F116: =F10+F11+F12+F13 -> 12 | G116: =SUM(B116:F116) -> 391 | H116: =H10+H11+H12+H13 -> 2 | I116: =I10+I11+I12+I13 -> 0 | J116: =J10+J11+J12+J13 -> 0 | K116: =K10+K11+K12+K13 -> 0 | L116: =L10+L11+L12+L13 -> 7 | M116: =SUM(H116:K116) -> 2 | N116: =G116+M116 -> 393 | O116: =B116*1+C116*0.5+D116*1.5+E116*3+F116*4.5+H116*0.5+I116*1.5+J116*3+K116*4+L116*8 -> 398.5
A117: 0845 - 0945 | B117: =B11+B12+B13+B14 -> 158 | C117: =C11+C12+C13+C14 -> 215 | D117: =D11+D12+D13+D14 -> 9 | E117: =E11+E12+E13+E14 -> 4 | F117: =F11+F12+F13+F14 -> 16 | G117: =SUM(B117:F117) -> 402 | H117: =H11+H12+H13+H14 -> 2 | I117: =I11+I12+I13+I14 -> 0 | J117: =J11+J12+J13+J14 -> 0 | K117: =K11+K12+K13+K14 -> 0 | L117: =L11+L12+L13+L14 -> 12 | M117: =SUM(H117:K117) -> 2 | N117: =G117+M117 -> 404 | O117: =B117*1+C117*0.5+D117*1.5+E117*3+F117*4.5+H117*0.5+I117*1.5+J117*3+K117*4+L117*8 -> 460
A118: 0900 - 1000 | B118: =B12+B13+B14+B15 -> 169 | C118: =C12+C13+C14+C15 -> 206 | D118: =D12+D13+D14+D15 -> 14 | E118: =E12+E13+E14+E15 -> 8 | F118: =F12+F13+F14+F15 -> 13 | G118: =SUM(B118:F118) -> 410 | H118: =H12+H13+H14+H15 -> 2 | I118: =I12+I13+I14+I15 -> 0 | J118: =J12+J13+J14+J15 -> 0 | K118: =K12+K13+K14+K15 -> 0 | L118: =L12+L13+L14+L15 -> 12 | M118: =SUM(H118:K118) -> 2 | N118: =G118+M118 -> 412 | O118: =B118*1+C118*0.5+D118*1.5+E118*3+F118*4.5+H118*0.5+I118*1.5+J118*3+K118*4+L118*8 -> 472.5
A119: 0915 - 1015 | B119: =B13+B14+B15+B16 -> 166 | C119: =C13+C14+C15+C16 -> 182 | D119: =D13+D14+D15+D16 -> 18 | E119: =E13+E14+E15+E16 -> 7 | F119: =F13+F14+F15+F16 -> 20 | G119: =SUM(B119:F119) -> 393 | H119: =H13+H14+H15+H16 -> 1 | I119: =I13+I14+I15+I16 -> 0 | J119: =J13+J14+J15+J16 -> 0 | K119: =K13+K14+K15+K16 -> 0 | L119: =L13+L14+L15+L16 -> 10 | M119: =SUM(H119:K119) -> 1 | N119: =G119+M119 -> 394 | O119: =B119*1+C119*0.5+D119*1.5+E119*3+F119*4.5+H119*0.5+I119*1.5+J119*3+K119*4+L119*8 -> 475.5
A120: 0930 - 1030 | B120: =B14+B15+B16+B17 -> 162 | C120: =C14+C15+C16+C17 -> 161 | D120: =D14+D15+D16+D17 -> 20 | E120: =E14+E15+E16+E17 -> 6 | F120: =F14+F15+F16+F17 -> 14 | G120: =SUM(B120:F120) -> 363 | H120: =H14+H15+H16+H17 -> 0 | I120: =I14+I15+I16+I17 -> 0 | J120: =J14+J15+J16+J17 -> 0 | K120: =K14+K15+K16+K17 -> 0 | L120: =L14+L15+L16+L17 -> 9 | M120: =SUM(H120:K120) -> 0 | N120: =G120+M120 -> 363 | O120: =B120*1+C120*0.5+D120*1.5+E120*3+F120*4.5+H120*0.5+I120*1.5+J120*3+K120*4+L120*8 -> 425.5
A121: 0945 - 1045 | B121: =B15+B16+B17+B18 -> 187 | C121: =C15+C16+C17+C18 -> 147 | D121: =D15+D16+D17+D18 -> 23 | E121: =E15+E16+E17+E18 -> 6 | F121: =F15+F16+F17+F18 -> 14 | G121: =SUM(B121:F121) -> 377 | H121: =H15+H16+H17+H18 -> 0 | I121: =I15+I16+I17+I18 -> 0 | J121: =J15+J16+J17+J18 -> 0 | K121: =K15+K16+K17+K18 -> 0 | L121: =L15+L16+L17+L18 -> 4 | M121: =SUM(H121:K121) -> 0 | N121: =G121+M121 -> 377 | O121: =B121*1+C121*0.5+D121*1.5+E121*3+F121*4.5+H121*0.5+I121*1.5+J121*3+K121*4+L121*8 -> 408
A122: 1000 - 1100 | B122: =B16+B17+B18+B19 -> 202 | C122: =C16+C17+C18+C19 -> 143 | D122: =D16+D17+D18+D19 -> 24 | E122: =E16+E17+E18+E19 -> 1 | F122: =F16+F17+F18+F19 -> 14 | G122: =SUM(B122:F122) -> 384 | H122: =H16+H17+H18+H19 -> 0 | I122: =I16+I17+I18+I19 -> 0 | J122: =J16+J17+J18+J19 -> 0 | K122: =K16+K17+K18+K19 -> 0 | L122: =L16+L17+L18+L19 -> 5 | M122: =SUM(H122:K122) -> 0 | N122: =G122+M122 -> 384 | O122: =B122*1+C122*0.5+D122*1.5+E122*3+F122*4.5+H122*0.5+I122*1.5+J122*3+K122*4+L122*8 -> 415.5
A123: 1015 - 1115 | B123: =B17+B18+B19+B20 -> 211 | C123: =C17+C18+C19+C20 -> 132 | D123: =D17+D18+D19+D20 -> 25 | E123: =E17+E18+E19+E20 -> 3 | F123: =F17+F18+F19+F20 -> 9 | G123: =SUM(B123:F123) -> 380 | H123: =H17+H18+H19+H20 -> 0 | I123: =I17+I18+I19+I20 -> 0 | J123: =J17+J18+J19+J20 -> 0 | K123: =K17+K18+K19+K20 -> 0 | L123: =L17+L18+L19+L20 -> 6 | M123: =SUM(H123:K123) -> 0 | N123: =G123+M123 -> 380 | O123: =B123*1+C123*0.5+D123*1.5+E123*3+F123*4.5+H123*0.5+I123*1.5+J123*3+K123*4+L123*8 -> 412
A124: 1030 - 1130 | B124: =B18+B19+B20+B21 -> 223 | C124: =C18+C19+C20+C21 -> 127 | D124: =D18+D19+D20+D21 -> 28 | E124: =E18+E19+E20+E21 -> 3 | F124: =F18+F19+F20+F21 -> 9 | G124: =SUM(B124:F124) -> 390 | H124: =H18+H19+H20+H21 -> 0 | I124: =I18+I19+I20+I21 -> 0 | J124: =J18+J19+J20+J21 -> 0 | K124: =K18+K19+K20+K21 -> 0 | L124: =L18+L19+L20+L21 -> 6 | M124: =SUM(H124:K124) -> 0 | N124: =G124+M124 -> 390 | O124: =B124*1+C124*0.5+D124*1.5+E124*3+F124*4.5+H124*0.5+I124*1.5+J124*3+K124*4+L124*8 -> 426
A125: 1045 - 1145 | B125: =B19+B20+B21+B22 -> 206 | C125: =C19+C20+C21+C22 -> 120 | D125: =D19+D20+D21+D22 -> 23 | E125: =E19+E20+E21+E22 -> 5 | F125: =F19+F20+F21+F22 -> 6 | G125: =SUM(B125:F125) -> 360 | H125: =H19+H20+H21+H22 -> 0 | I125: =I19+I20+I21+I22 -> 0 | J125: =J19+J20+J21+J22 -> 0 | K125: =K19+K20+K21+K22 -> 0 | L125: =L19+L20+L21+L22 -> 5 | M125: =SUM(H125:K125) -> 0 | N125: =G125+M125 -> 360 | O125: =B125*1+C125*0.5+D125*1.5+E125*3+F125*4.5+H125*0.5+I125*1.5+J125*3+K125*4+L125*8 -> 382.5
... A206: 0745 - 0845 | B206: =B100+B101+B102+B103 -> 68 | C206: =C100+C101+C102+C103 -> 98 | D206: =D100+D101+D102+D103 -> 8 | E206: =E100+E101+E102+E103 -> 4 | F206: =F100+F101+F102+F103 -> 11 | G206: =SUM(B206:F206) -> 189 | H206: =H100+H101+H102+H103 -> 1 | I206: =I100+I101+I102+I103 -> 0 | J206: =J100+J101+J102+J103 -> 0 | K206: =K100+K101+K102+K103 -> 0 | L206: =L100+L101+L102+L103 -> 3 | M206: =SUM(H206:K206) -> 1 | N206: =G206+M206 -> 190 | O206: =B206*1+C206*0.5+D206*1.5+E206*3+F206*4.5+H206*0.5+I206*1.5+J206*3+K206*4+L206*8 -> 215

Sheet V_5
A1: CLASSIFIED TRAFFIC VOLUME COUNT AT INTERSECTION
A2: Location Name : | B2: =Summary!B2 -> TMC-14 Number (D2)
A3: Location Code : | B3: =Summary!B3 -> D2
A4: Direction From : | B4: =Summary!J11 -> Delhi | D4: To: | E4: =Summary!F11 -> Mansarover | G4: Flyover | H4: V5+V13
A6: Time | B6: Car, Taxi, Tempo, Auto Rickshaw & Pick up | C6: Motar Cycle, Scooter | D6: Agriculture Tractor, LCV Mini Bus | E6: Three Wheeler (Auto) Axle Truck, Buses | F6: Tractor Trailor, Truck Trailor Units (3 Axle & MAV) | G6: Total Fast Vehicle | H6: Cycle | I6: Cycle Rickshaw | J6: Hand Cart | K6: Horse Drawn | L6: Bullock Corts | M6: Total Slow | N6: Grand Total (Nos.) | O6: Grand Total (PCU's)
R7: Under Flyver
A8: 0800-0815 | B8: =V_13!B8+V_5!R8 -> 36 | C8: =V_13!C8+V_5!S8 -> 73 | D8: =V_13!D8+V_5!T8 -> 18 | E8: =V_13!E8+V_5!U8 -> 6 | F8: =V_13!F8+V_5!V8 -> 34 | G8: =SUM(B8:F8) -> 167 | H8: =V_13!H8+V_5!X8 -> 0 | I8: =V_13!I8+V_5!Y8 -> 0 | J8: =V_13!J8+V_5!Z8 -> 0 | K8: =V_13!K8+V_5!AA8 -> 0 | L8: =V_13!L8+V_5!AB8 -> 3 | M8: =V_13!M8+V_5!AC8 -> 0 | N8: =G8+M8 -> 167 | O8: =B8*1+C8*0.5+D8*1.5+E8*3+F8*4.5+H8*0.5+I8*1.5+J8*3+K8*4+L8*8 -> 294.5 | R8: 2 | S8: 11 | T8: 0 | U8: 0 | V8: 1 | W8: =SUM(R8:V8) -> 14 | X8: 0 | Y8: 0 | Z8: 0 | AA8: 0 | AB8: 0 | AC8: 0
A9: 0815-0830 | B9: =V_13!B9+V_5!R9 -> 76 | C9: =V_13!C9+V_5!S9 -> 91 | D9: =V_13!D9+V_5!T9 -> 23 | E9: =V_13!E9+V_5!U9 -> 3 | F9: =V_13!F9+V_5!V9 -> 31 | G9: =SUM(B9:F9) -> 224 | H9: =V_13!H9+V_5!X9 -> 0 | I9: =V_13!I9+V_5!Y9 -> 0 | J9: =V_13!J9+V_5!Z9 -> 0 | K9: =V_13!K9+V_5!AA9 -> 0 | L9: =V_13!L9+V_5!AB9 -> 1 | M9: =V_13!M9+V_5!AC9 -> 0 | N9: =G9+M9 -> 224 | O9: =B9*1+C9*0.5+D9*1.5+E9*3+F9*4.5+H9*0.5+I9*1.5+J9*3+K9*4+L9*8 -> 312.5 | R9: 8 | S9: 2 | T9: 0 | U9: 0 | V9: 0 | W9: =SUM(R9:V9) -> 10 | X9: 0 | Y9: 0 | Z9: 0 | AA9: 0 | AB9: 0 | AC9: 0
A10: 0830-0845 | B10: =V_13!B10+V_5!R10 -> 84 | C10: =V_13!C10+V_5!S10 -> 114 | D10: =V_13!D10+V_5!T10 -> 20 | E10: =V_13!E10+V_5!U10 -> 5 | F10: =V_13!F10+V_5!V10 -> 26 | G10: =SUM(B10:F10) -> 249 | H10: =V_13!H10+V_5!X10 -> 0 | I10: =V_13!I10+V_5!Y10 -> 0 | J10: =V_13!J10+V_5!Z10 -> 0 | K10: =V_13!K10+V_5!AA10 -> 0 | L10: =V_13!L10+V_5!AB10 -> 1 | M10: =V_13!M10+V_5!AC10 -> 0 | N10: =G10+M10 -> 249 | O10: =B10*1+C10*0.5+D10*1.5+E10*3+F10*4.5+H10*0.5+I10*1.5+J10*3+K10*4+L10*8 -> 311 | R10: 6 | S10: 4 | T10: 1 | U10: 0 | V10: 0 | W10: =SUM(R10:V10) -> 11 | X10: 0 | Y10: 0 | Z10: 0 | AA10: 0 | AB10: 0 | AC10: 0
A11: 0845-0900 | B11: =V_13!B11+V_5!R11 -> 80 | C11: =V_13!C11+V_5!S11 -> 127 | D11: =V_13!D11+V_5!T11 -> 16 | E11: =V_13!E11+V_5!U11 -> 4 | F11: =V_13!F11+V_5!V11 -> 21 | G11: =SUM(B11:F11) -> 248 | H11: =V_13!H11+V_5!X11 -> 1 | I11: =V_13!I11+V_5!Y11 -> 0 | J11: =V_13!J11+V_5!Z11 -> 0 | K11: =V_13!K11+V_5!AA11 -> 0 | L11: =V_13!L11+V_5!AB11 -> 0 | M11: =V_13!M11+V_5!AC11 -> 0 | N11: =G11+M11 -> 248 | O11: =B11*1+C11*0.5+D11*1.5+E11*3+F11*4.5+H11*0.5+I11*1.5+J11*3+K11*4+L11*8 -> 274.5 | R11: 2 | S11: 12 | T11: 0 | U11: 1 | V11: 0 | W11: =SUM(R11:V11) -> 15 | X11: 1 | Y11: 0 | Z11: 0 | AA11: 0 | AB11: 0 | AC11: 0
A12: 0900-0915 | B12: =V_13!B12+V_5!R12 -> 90 | C12: =V_13!C12+V_5!S12 -> 135 | D12: =V_13!D12+V_5!T12 -> 12 | E12: =V_13!E12+V_5!U12 -> 4 | F12: =V_13!F12+V_5!V12 -> 33 | G12: =SUM(B12:F12) -> 274 | H12: =V_13!H12+V_5!X12 -> 1 | I12: =V_13!I12+V_5!Y12 -> 0 | J12: =V_13!J12+V_5!Z12 -> 0 | K12: =V_13!K12+V_5!AA12 -> 0 | L12: =V_13!L12+V_5!AB12 -> 1 | M12: =V_13!M12+V_5!AC12 -> 0 | N12: =G12+M12 -> 274 | O12: =B12*1+C12*0.5+D12*1.5+E12*3+F12*4.5+H12*0.5+I12*1.5+J12*3+K12*4+L12*8 -> 344.5 | R12: 5 | S12: 13 | T12: 0 | U12: 0 | V12: 0 | W12: =SUM(R12:V12) -> 18 | X12: 1 | Y12: 0 | Z12: 0 | AA12: 0 | AB12: 1 | AC12: 0
A13: 0915-0930 | B13: =V_13!B13+V_5!R13 -> 56 | C13: =V_13!C13+V_5!S13 -> 113 | D13: =V_13!D13+V_5!T13 -> 13 | E13: =V_13!E13+V_5!U13 -> 7 | F13: =V_13!F13+V_5!V13 -> 13 | G13: =SUM(B13:F13) -> 202 | H13: =V_13!H13+V_5!X13 -> 0 | I13: =V_13!I13+V_5!Y13 -> 0 | J13: =V_13!J13+V_5!Z13 -> 0 | K13: =V_13!K13+V_5!AA13 -> 0 | L13: =V_13!L13+V_5!AB13 -> 1 | M13: =V_13!M13+V_5!AC13 -> 0 | N13: =G13+M13 -> 202 | O13: =B13*1+C13*0.5+D13*1.5+E13*3+F13*4.5+H13*0.5+I13*1.5+J13*3+K13*4+L13*8 -> 219.5 | R13: 4 | S13: 6 | T13: 0 | U13: 1 | V13: 0 | W13: =SUM(R13:V13) -> 11 | X13: 0 | Y13: 0 | Z13: 0 | AA13: 0 | AB13: 0 | AC13: 0
A14: 0930-0945 | B14: =V_13!B14+V_5!R14 -> 125 | C14: =V_13!C14+V_5!S14 -> 160 | D14: =V_13!D14+V_5!T14 -> 29 | E14: =V_13!E14+V_5!U14 -> 10 | F14: =V_13!F14+V_5!V14 -> 23 | G14: =SUM(B14:F14) -> 347 | H14: =V_13!H14+V_5!X14 -> 0 | I14: =V_13!I14+V_5!Y14 -> 0 | J14: =V_13!J14+V_5!Z14 -> 0 | K14: =V_13!K14+V_5!AA14 -> 0 | L14: =V_13!L14+V_5!AB14 -> 1 | M14: =V_13!M14+V_5!AC14 -> 0 | N14: =G14+M14 -> 347 | O14: =B14*1+C14*0.5+D14*1.5+E14*3+F14*4.5+H14*0.5+I14*1.5+J14*3+K14*4+L14*8 -> 390 | R14: 5 | S14: 18 | T14: 0 | U14: 0 | V14: 0 | W14: =SUM(R14:V14) -> 23 | X14: 0 | Y14: 0 | Z14: 0 | AA14: 0 | AB14: 0 | AC14: 0
A15: 0945-1000 | B15: =V_13!B15+V_5!R15 -> 102 | C15: =V_13!C15+V_5!S15 -> 110 | D15: =V_13!D15+V_5!T15 -> 28 | E15: =V_13!E15+V_5!U15 -> 3 | F15: =V_13!F15+V_5!V15 -> 21 | G15: =SUM(B15:F15) -> 264 | H15: =V_13!H15+V_5!X15 -> 0 | I15: =V_13!I15+V_5!Y15 -> 0 | J15: =V_13!J15+V_5!Z15 -> 0 | K15: =V_13!K15+V_5!AA15 -> 0 | L15: =V_13!L15+V_5!AB15 -> 0 | M15: =V_13!M15+V_5!AC15 -> 0 | N15: =G15+M15 -> 264 | O15: =B15*1+C15*0.5+D15*1.5+E15*3+F15*4.5+H15*0.5+I15*1.5+J15*3+K15*4+L15*8 -> 302.5 | R15: 21 | S15: 3 | T15: 0 | U15: 0 | V15: 0 | W15: =SUM(R15:V15) -> 24 | X15: 0 | Y15: 0 | Z15: 0 | AA15: 0 | AB15: 0 | AC15: 0
A16: 1000-1015 | B16: =V_13!B16+V_5!R16 -> 86 | C16: =V_13!C16+V_5!S16 -> 124 | D16: =V_13!D16+V_5!T16 -> 25 | E16: =V_13!E16+V_5!U16 -> 4 | F16: =V_13!F16+V_5!V16 -> 22 | G16: =SUM(B16:F16) -> 261 | H16: =V_13!H16+V_5!X16 -> 0 | I16: =V_13!I16+V_5!Y16 -> 0 | J16: =V_13!J16+V_5!Z16 -> 0 | K16: =V_13!K16+V_5!AA16 -> 0 | L16: =V_13!L16+V_5!AB16 -> 1 | M16: =V_13!M16+V_5!AC16 -> 0 | N16: =G16+M16 -> 261 | O16: =B16*1+C16*0.5+D16*1.5+E16*3+F16*4.5+H16*0.5+I16*1.5+J16*3+K16*4+L16*8 -> 304.5 | R16: 3 | S16: 8 | T16: 0 | U16: 0 | V16: 0 | W16: =SUM(R16:V16) -> 11 | X16: 0 | Y16: 0 | Z16: 0 | AA16: 0 | AB16: 0 | AC16: 0
A17: 1015-1030 | B17: =V_13!B17+V_5!R17 -> 103 | C17: =V_13!C17+V_5!S17 -> 112 | D17: =V_13!D17+V_5!T17 -> 23 | E17: =V_13!E17+V_5!U17 -> 7 | F17: =V_13!F17+V_5!V17 -> 28 | G17: =SUM(B17:F17) -> 273 | H17: =V_13!H17+V_5!X17 -> 0 | I17: =V_13!I17+V_5!Y17 -> 0 | J17: =V_13!J17+V_5!Z17 -> 0 | K17: =V_13!K17+V_5!AA17 -> 0 | L17: =V_13!L17+V_5!AB17 -> 0 | M17: =V_13!M17+V_5!AC17 -> 0 | N17: =G17+M17 -> 273 | O17: =B17*1+C17*0.5+D17*1.5+E17*3+F17*4.5+H17*0.5+I17*1.5+J17*3+K17*4+L17*8 -> 340.5 | R17: 6 | S17: 2 | T17: 1 | U17: 0 | V17: 0 | W17: =SUM(R17:V17) -> 9 | X17: 0 | Y17: 0 | Z17: 0 | AA17: 0 | AB17: 0 | AC17: 0
A18: 1030-1045 | B18: =V_13!B18+V_5!R18 -> 140 | C18: =V_13!C18+V_5!S18 -> 68 | D18: =V_13!D18+V_5!T18 -> 32 | E18: =V_13!E18+V_5!U18 -> 5 | F18: =V_13!F18+V_5!V18 -> 28 | G18: =SUM(B18:F18) -> 273 | H18: =V_13!H18+V_5!X18 -> 0 | I18: =V_13!I18+V_5!Y18 -> 0 | J18: =V_13!J18+V_5!Z18 -> 0 | K18: =V_13!K18+V_5!AA18 -> 0 | L18: =V_13!L18+V_5!AB18 -> 1 | M18: =V_13!M18+V_5!AC18 -> 0 | N18: =G18+M18 -> 273 | O18: =B18*1+C18*0.5+D18*1.5+E18*3+F18*4.5+H18*0.5+I18*1.5+J18*3+K18*4+L18*8 -> 371 | R18: 5 | S18: 7 | T18: 0 | U18: 0 | V18: 0 | W18: =SUM(R18:V18) -> 12 | X18: 0 | Y18: 0 | Z18: 0 | AA18: 0 | AB18: 0 | AC18: 0
A19: 1045-1100 | B19: =V_13!B19+V_5!R19 -> 112 | C19: =V_13!C19+V_5!S19 -> 81 | D19: =V_13!D19+V_5!T19 -> 23 | E19: =V_13!E19+V_5!U19 -> 4 | F19: =V_13!F19+V_5!V19 -> 22 | G19: =SUM(B19:F19) -> 242 | H19: =V_13!H19+V_5!X19 -> 0 | I19: =V_13!I19+V_5!Y19 -> 0 | J19: =V_13!J19+V_5!Z19 -> 0 | K19: =V_13!K19+V_5!AA19 -> 0 | L19: =V_13!L19+V_5!AB19 -> 1 | M19: =V_13!M19+V_5!AC19 -> 0 | N19: =G19+M19 -> 242 | O19: =B19*1+C19*0.5+D19*1.5+E19*3+F19*4.5+H19*0.5+I19*1.5+J19*3+K19*4+L19*8 -> 306 | R19: 3 | S19: 4 | T19: 0 | U19: 0 | V19: 0 | W19: =SUM(R19:V19) -> 7 | X19: 0 | Y19: 0 | Z19: 0 | AA19: 0 | AB19: 1 | AC19: 0
... A103: 0745-0800 | B103: =V_13!B103+V_5!R103 -> 35 | C103: =V_13!C103+V_5!S103 -> 34 | D103: =V_13!D103+V_5!T103 -> 14 | E103: =V_13!E103+V_5!U103 -> 2 | F103: =V_13!F103+V_5!V103 -> 15 | G103: =SUM(B103:F103) -> 100 | H103: =V_13!H103+V_5!X103 -> 0 | I103: =V_13!I103+V_5!Y103 -> 0 | J103: =V_13!J103+V_5!Z103 -> 0 | K103: =V_13!K103+V_5!AA103 -> 0 | L103: =V_13!L103+V_5!AB103 -> 0 | M103: =V_13!M103+V_5!AC103 -> 0 | N103: =G103+M103 -> 100 | O103: =B103*1+C103*0.5+D103*1.5+E103*3+F103*4.5+H103*0.5+I103*1.5+J103*3+K103*4+L103*8 -> 146.5 | R103: 4 | S103: 2 | T103: 2 | U103: 0 | V103: 2 | W103: =SUM(R103:V103) -> 10 | X103: 0 | Y103: 0 | Z103: 0 | AA103: 0 | AB103: 0 | AC103: 0
A104: Total (Veh.) | B104: =SUM(B8:B103) -> 7403 | C104: =SUM(C8:C103) -> 4438 | D104: =SUM(D8:D103) -> 1534 | E104: =SUM(E8:E103) -> 459 | F104: =SUM(F8:F103) -> 2731 | G104: =SUM(G8:G103) -> 16565 | H104: =SUM(H8:H103) -> 5 | I104: =SUM(I8:I103) -> 0 | ... O104: =SUM(O8:O103) -> 25756
A105: Total (PCUs) | B105: =+B104*1 -> 7403 | C105: =+C104*0.5 -> 2219 | D105: =+D104*1.5 -> 2301 | E105: =+E104*3 -> 1377 | F105: =+F104*4.5 -> 12289.5 | G105: =SUM(B105:F105) -> 25589.5 | H105: =+H104*0.5 -> 2.5 | I105: =+I104*1.5 -> 0 | J105: =+J104*3 -> 0 | K105: =+K104*4 -> 4 | L105: =+L104*8 -> 160 | M105: =SUM(H105:L105) -> 166.5 | O105: =G105+M105 -> 25756
A106: Composition | B106: =B104/$N$104 -> 0.44690613 | C106: =C104/$N$104 -> 0.26791428 | D106: =D104/$N$104 -> 0.09260489 | E106: =E104/$N$104 -> 0.027709025 | F106: =F104/$N$104 -> 0.16486568 | G106: =G104/$N$104 -> 1 | H106: =H104/$N$104 -> 0.00030184123 | I106: =I104/$N$104 -> 0 | ... N106: =N104/$N$104 -> 1
A108: Location Name : | B108: =B2 -> TMC-14 Number (D2)
A109: Location Code : | B109: =B3 -> D2
A110: Direction From : | B110: =B4 -> Delhi | D110: =D4 -> To:
A112: Time | B112: Car, Taxi, Tempo, Auto Rickshaw & Pick up | C112: Motar Cycle, Scooter | D112: Agriculture Tractor, LCV Mini Bus | E112: Three Wheeler (Auto) Axle Truck, Buses | F112: Tractor Trailor, Truck Trailor Units (3 Axle & MAV) | G112: Total Fast Vehicle | H112: Cycle | I112: Cycle Rickshaw | J112: Hand Cart | K112: Horse Drawn | L112: Bullock Corts | M112: Total Slow | N112: Grand Total (Nos.) | O112: Grand Total (PCU's)
A114: 0800 - 0900 | B114: =B8+B9+B10+B11 -> 276 | C114: =C8+C9+C10+C11 -> 405 | D114: =D8+D9+D10+D11 -> 77 | E114: =E8+E9+E10+E11 -> 18 | F114: =F8+F9+F10+F11 -> 112 | G114: =SUM(B114:F114) -> 888 | H114: =H8+H9+H10+H11 -> 1 | I114: =I8+I9+I10+I11 -> 0 | J114: =J8+J9+J10+J11 -> 0 | K114: =K8+K9+K10+K11 -> 0 | L114: =L8+L9+L10+L11 -> 5 | M114: =SUM(H114:K114) -> 1 | N114: =G114+M114 -> 889 | O114: =B114*1+C114*0.5+D114*1.5+E114*3+F114*4.5+H114*0.5+I114*1.5+J114*3+K114*4+L114*8 -> 1192.5
A115: 0815 - 0915 | B115: =B9+B10+B11+B12 -> 330 | C115: =C9+C10+C11+C12 -> 467 | D115: =D9+D10+D11+D12 -> 71 | E115: =E9+E10+E11+E12 -> 16 | F115: =F9+F10+F11+F12 -> 111 | G115: =SUM(B115:F115) -> 995 | H115: =H9+H10+H11+H12 -> 2 | I115: =I9+I10+I11+I12 -> 0 | J115: =J9+J10+J11+J12 -> 0 | K115: =K9+K10+K11+K12 -> 0 | L115: =L9+L10+L11+L12 -> 3 | M115: =SUM(H115:K115) -> 2 | N115: =G115+M115 -> 997 | O115: =B115*1+C115*0.5+D115*1.5+E115*3+F115*4.5+H115*0.5+I115*1.5+J115*3+K115*4+L115*8 -> 1242.5
A116: 0830 - 0930 | B116: =B10+B11+B12+B13 -> 310 | C116: =C10+C11+C12+C13 -> 489 | D116: =D10+D11+D12+D13 -> 61 | E116: =E10+E11+E12+E13 -> 20 | F116: =F10+F11+F12+F13 -> 93 | G116: =SUM(B116:F116) -> 973 | H116: =H10+H11+H12+H13 -> 2 | I116: =I10+I11+I12+I13 -> 0 | J116: =J10+J11+J12+J13 -> 0 | K116: =K10+K11+K12+K13 -> 0 | L116: =L10+L11+L12+L13 -> 3 | M116: =SUM(H116:K116) -> 2 | N116: =G116+M116 -> 975 | O116: =B116*1+C116*0.5+D116*1.5+E116*3+F116*4.5+H116*0.5+I116*1.5+J116*3+K116*4+L116*8 -> 1149.5
A117: 0845 - 0945 | B117: =B11+B12+B13+B14 -> 351 | C117: =C11+C12+C13+C14 -> 535 | D117: =D11+D12+D13+D14 -> 70 | E117: =E11+E12+E13+E14 -> 25 | F117: =F11+F12+F13+F14 -> 90 | G117: =SUM(B117:F117) -> 1071 | H117: =H11+H12+H13+H14 -> 2 | I117: =I11+I12+I13+I14 -> 0 | J117: =J11+J12+J13+J14 -> 0 | K117: =K11+K12+K13+K14 -> 0 | L117: =L11+L12+L13+L14 -> 3 | M117: =SUM(H117:K117) -> 2 | N117: =G117+M117 -> 1073 | O117: =B117*1+C117*0.5+D117*1.5+E117*3+F117*4.5+H117*0.5+I117*1.5+J117*3+K117*4+L117*8 -> 1228.5
A118: 0900 - 1000 | B118: =B12+B13+B14+B15 -> 373 | C118: =C12+C13+C14+C15 -> 518 | D118: =D12+D13+D14+D15 -> 82 | E118: =E12+E13+E14+E15 -> 24 | F118: =F12+F13+F14+F15 -> 90 | G118: =SUM(B118:F118) -> 1087 | H118: =H12+H13+H14+H15 -> 1 | I118: =I12+I13+I14+I15 -> 0 | J118: =J12+J13+J14+J15 -> 0 | K118: =K12+K13+K14+K15 -> 0 | L118: =L12+L13+L14+L15 -> 3 | M118: =SUM(H118:K118) -> 1 | N118: =G118+M118 -> 1088 | O118: =B118*1+C118*0.5+D118*1.5+E118*3+F118*4.5+H118*0.5+I118*1.5+J118*3+K118*4+L118*8 -> 1256.5
A119: 0915 - 1015 | B119: =B13+B14+B15+B16 -> 369 | C119: =C13+C14+C15+C16 -> 507 | D119: =D13+D14+D15+D16 -> 95 | E119: =E13+E14+E15+E16 -> 24 | F119: =F13+F14+F15+F16 -> 79 | G119: =SUM(B119:F119) -> 1074 | H119: =H13+H14+H15+H16 -> 0 | I119: =I13+I14+I15+I16 -> 0 | J119: =J13+J14+J15+J16 -> 0 | K119: =K13+K14+K15+K16 -> 0 | L119: =L13+L14+L15+L16 -> 3 | M119: =SUM(H119:K119) -> 0 | N119: =G119+M119 -> 1074 | O119: =B119*1+C119*0.5+D119*1.5+E119*3+F119*4.5+H119*0.5+I119*1.5+J119*3+K119*4+L119*8 -> 1216.5
A120: 0930 - 1030 | B120: =B14+B15+B16+B17 -> 416 | C120: =C14+C15+C16+C17 -> 506 | D120: =D14+D15+D16+D17 -> 105 | E120: =E14+E15+E16+E17 -> 24 | F120: =F14+F15+F16+F17 -> 94 | G120: =SUM(B120:F120) -> 1145 | H120: =H14+H15+H16+H17 -> 0 | I120: =I14+I15+I16+I17 -> 0 | J120: =J14+J15+J16+J17 -> 0 | K120: =K14+K15+K16+K17 -> 0 | L120: =L14+L15+L16+L17 -> 2 | M120: =SUM(H120:K120) -> 0 | N120: =G120+M120 -> 1145 | O120: =B120*1+C120*0.5+D120*1.5+E120*3+F120*4.5+H120*0.5+I120*1.5+J120*3+K120*4+L120*8 -> 1337.5
A121: 0945 - 1045 | B121: =B15+B16+B17+B18 -> 431 | C121: =C15+C16+C17+C18 -> 414 | D121: =D15+D16+D17+D18 -> 108 | E121: =E15+E16+E17+E18 -> 19 | F121: =F15+F16+F17+F18 -> 99 | G121: =SUM(B121:F121) -> 1071 | H121: =H15+H16+H17+H18 -> 0 | I121: =I15+I16+I17+I18 -> 0 | J121: =J15+J16+J17+J18 -> 0 | K121: =K15+K16+K17+K18 -> 0 | L121: =L15+L16+L17+L18 -> 2 | M121: =SUM(H121:K121) -> 0 | N121: =G121+M121 -> 1071 | O121: =B121*1+C121*0.5+D121*1.5+E121*3+F121*4.5+H121*0.5+I121*1.5+J121*3+K121*4+L121*8 -> 1318.5
A122: 1000 - 1100 | B122: =B16+B17+B18+B19 -> 441 | C122: =C16+C17+C18+C19 -> 385 | D122: =D16+D17+D18+D19 -> 103 | E122: =E16+E17+E18+E19 -> 20 | F122: =F16+F17+F18+F19 -> 100 | G122: =SUM(B122:F122) -> 1049 | H122: =H16+H17+H18+H19 -> 0 | I122: =I16+I17+I18+I19 -> 0 | J122: =J16+J17+J18+J19 -> 0 | K122: =K16+K17+K18+K19 -> 0 | L122: =L16+L17+L18+L19 -> 3 | M122: =SUM(H122:K122) -> 0 | N122: =G122+M122 -> 1049 | O122: =B122*1+C122*0.5+D122*1.5+E122*3+F122*4.5+H122*0.5+I122*1.5+J122*3+K122*4+L122*8 -> 1322
A123: 1015 - 1115 | B123: =B17+B18+B19+B20 -> 483 | C123: =C17+C18+C19+C20 -> 350 | D123: =D17+D18+D19+D20 -> 83 | E123: =E17+E18+E19+E20 -> 18 | F123: =F17+F18+F19+F20 -> 101 | G123: =SUM(B123:F123) -> 1035 | H123: =H17+H18+H19+H20 -> 0 | I123: =I17+I18+I19+I20 -> 0 | J123: =J17+J18+J19+J20 -> 0 | K123: =K17+K18+K19+K20 -> 0 | L123: =L17+L18+L19+L20 -> 2 | M123: =SUM(H123:K123) -> 0 | N123: =G123+M123 -> 1035 | O123: =B123*1+C123*0.5+D123*1.5+E123*3+F123*4.5+H123*0.5+I123*1.5+J123*3+K123*4+L123*8 -> 1307
A124: 1030 - 1130 | B124: =B18+B19+B20+B21 -> 506 | C124: =C18+C19+C20+C21 -> 324 | D124: =D18+D19+D20+D21 -> 90 | E124: =E18+E19+E20+E21 -> 15 | F124: =F18+F19+F20+F21 -> 97 | G124: =SUM(B124:F124) -> 1032 | H124: =H18+H19+H20+H21 -> 0 | I124: =I18+I19+I20+I21 -> 0 | J124: =J18+J19+J20+J21 -> 0 | K124: =K18+K19+K20+K21 -> 0 | L124: =L18+L19+L20+L21 -> 3 | M124: =SUM(H124:K124) -> 0 | N124: =G124+M124 -> 1032 | O124: =B124*1+C124*0.5+D124*1.5+E124*3+F124*4.5+H124*0.5+I124*1.5+J124*3+K124*4+L124*8 -> 1308.5
A125: 1045 - 1145 | B125: =B19+B20+B21+B22 -> 511 | C125: =C19+C20+C21+C22 -> 325 | D125: =D19+D20+D21+D22 -> 75 | E125: =E19+E20+E21+E22 -> 19 | F125: =F19+F20+F21+F22 -> 90 | G125: =SUM(B125:F125) -> 1020 | H125: =H19+H20+H21+H22 -> 0 | I125: =I19+I20+I21+I22 -> 0 | J125: =J19+J20+J21+J22 -> 0 | K125: =K19+K20+K21+K22 -> 0 | L125: =L19+L20+L21+L22 -> 2 | M125: =SUM(H125:K125) -> 0 | N125: =G125+M125 -> 1020 | O125: =B125*1+C125*0.5+D125*1.5+E125*3+F125*4.5+H125*0.5+I125*1.5+J125*3+K125*4+L125*8 -> 1264
... A206: 0745 - 0845 | B206: =B100+B101+B102+B103 -> 129 | C206: =C100+C101+C102+C103 -> 120 | D206: =D100+D101+D102+D103 -> 41 | E206: =E100+E101+E102+E103 -> 20 | F206: =F100+F101+F102+F103 -> 73 | G206: =SUM(B206:F206) -> 383 | H206: =H100+H101+H102+H103 -> 0 | I206: =I100+I101+I102+I103 -> 0 | J206: =J100+J101+J102+J103 -> 0 | K206: =K100+K101+K102+K103 -> 0 | L206: =L100+L101+L102+L103 -> 1 | M206: =SUM(H206:K206) -> 0 | N206: =G206+M206 -> 383 | O206: =B206*1+C206*0.5+D206*1.5+E206*3+F206*4.5+H206*0.5+I206*1.5+J206*3+K206*4+L206*8 -> 647

Sheet V_6
A1: CLASSIFIED TRAFFIC VOLUME COUNT AT INTERSECTION
A2: Location Name : | B2: =Summary!B2 -> TMC-14 Number (D2)
A3: Location Code : | B3: =Summary!B3 -> D2
A4: Direction From : | B4: =Summary!J11 -> Delhi | D4: To: | E4: =Summary!H6 -> Nindar
A6: Time | B6: Car, Taxi, Tempo, Auto Rickshaw & Pick up | C6: Motar Cycle, Scooter | D6: Agriculture Tractor, LCV Mini Bus | E6: Three Wheeler (Auto) Axle Truck, Buses | F6: Tractor Trailor, Truck Trailor Units (3 Axle & MAV) | G6: Total Fast Vehicle | H6: Cycle | I6: Cycle Rickshaw | J6: Hand Cart | K6: Horse Drawn | L6: Bullock Corts | M6: Total Slow | N6: Grand Total (Nos.) | O6: Grand Total (PCU's)
A8: 0800-0815 | B8: 5 | C8: 4 | D8: 4 | E8: 1 | F8: 1 | G8: =SUM(B8:F8) -> 15 | H8: 0 | I8: 0 | J8: 0 | K8: 0 | L8: 0 | M8: 0 | N8: =G8+M8 -> 15 | O8: =B8*1+C8*0.5+D8*1.5+E8*3+F8*4.5+H8*0.5+I8*1.5+J8*3+K8*4+L8*8 -> 20.5
A9: 0815-0830 | B9: 4 | C9: 26 | D9: 0 | E9: 0 | F9: 1 | G9: =SUM(B9:F9) -> 31 | H9: 0 | I9: 0 | J9: 0 | K9: 0 | L9: 0 | M9: 0 | N9: =G9+M9 -> 31 | O9: =B9*1+C9*0.5+D9*1.5+E9*3+F9*4.5+H9*0.5+I9*1.5+J9*3+K9*4+L9*8 -> 21.5
A10: 0830-0845 | B10: 6 | C10: 8 | D10: 4 | E10: 0 | F10: 2 | G10: =SUM(B10:F10) -> 20 | H10: 0 | I10: 0 | J10: 0 | K10: 0 | L10: 0 | M10: 0 | N10: =G10+M10 -> 20 | O10: =B10*1+C10*0.5+D10*1.5+E10*3+F10*4.5+H10*0.5+I10*1.5+J10*3+K10*4+L10*8 -> 25
A11: 0845-0900 | B11: 19 | C11: 12 | D11: 4 | E11: 2 | F11: 2 | G11: =SUM(B11:F11) -> 39 | H11: 0 | I11: 0 | J11: 0 | K11: 0 | L11: 0 | M11: 0 | N11: =G11+M11 -> 39 | O11: =B11*1+C11*0.5+D11*1.5+E11*3+F11*4.5+H11*0.5+I11*1.5+J11*3+K11*4+L11*8 -> 46
A12: 0900-0915 | B12: 16 | C12: 9 | D12: 0 | E12: 1 | F12: 2 | G12: =SUM(B12:F12) -> 28 | H12: 0 | I12: 0 | J12: 0 | K12: 0 | L12: 0 | M12: 0 | N12: =G12+M12 -> 28 | O12: =B12*1+C12*0.5+D12*1.5+E12*3+F12*4.5+H12*0.5+I12*1.5+J12*3+K12*4+L12*8 -> 32.5
A13: 0915-0930 | B13: 16 | C13: 1 | D13: 2 | E13: 0 | F13: 0 | G13: =SUM(B13:F13) -> 19 | H13: 0 | I13: 0 | J13: 0 | K13: 0 | L13: 0 | M13: 0 | N13: =G13+M13 -> 19 | O13: =B13*1+C13*0.5+D13*1.5+E13*3+F13*4.5+H13*0.5+I13*1.5+J13*3+K13*4+L13*8 -> 19.5
A14: 0930-0945 | B14: 18 | C14: 2 | D14: 3 | E14: 0 | F14: 0 | G14: =SUM(B14:F14) -> 23 | H14: 0 | I14: 0 | J14: 0 | K14: 0 | L14: 0 | M14: 0 | N14: =G14+M14 -> 23 | O14: =B14*1+C14*0.5+D14*1.5+E14*3+F14*4.5+H14*0.5+I14*1.5+J14*3+K14*4+L14*8 -> 23.5
A15: 0945-1000 | B15: 23 | C15: 8 | D15: 1 | E15: 1 | F15: 4 | G15: =SUM(B15:F15) -> 37 | H15: 0 | I15: 0 | J15: 0 | K15: 0 | L15: 0 | M15: 0 | N15: =G15+M15 -> 37 | O15: =B15*1+C15*0.5+D15*1.5+E15*3+F15*4.5+H15*0.5+I15*1.5+J15*3+K15*4+L15*8 -> 49.5
A16: 1000-1015 | B16: 16 | C16: 8 | D16: 2 | E16: 0 | F16: 8 | G16: =SUM(B16:F16) -> 34 | H16: 0 | I16: 0 | J16: 0 | K16: 0 | L16: 0 | M16: 0 | N16: =G16+M16 -> 34 | O16: =B16*1+C16*0.5+D16*1.5+E16*3+F16*4.5+H16*0.5+I16*1.5+J16*3+K16*4+L16*8 -> 59
A17: 1015-1030 | B17: 15 | C17: 6 | D17: 2 | E17: 0 | F17: 5 | G17: =SUM(B17:F17) -> 28 | H17: 0 | I17: 0 | J17: 0 | K17: 0 | L17: 0 | M17: 0 | N17: =G17+M17 -> 28 | O17: =B17*1+C17*0.5+D17*1.5+E17*3+F17*4.5+H17*0.5+I17*1.5+J17*3+K17*4+L17*8 -> 43.5
A18: 1030-1045 | B18: 29 | C18: 1 | D18: 1 | E18: 0 | F18: 4 | G18: =SUM(B18:F18) -> 35 | H18: 0 | I18: 0 | J18: 0 | K18: 0 | L18: 1 | M18: 1 | N18: =G18+M18 -> 36 | O18: =B18*1+C18*0.5+D18*1.5+E18*3+F18*4.5+H18*0.5+I18*1.5+J18*3+K18*4+L18*8 -> 57
A19: 1045-1100 | B19: 18 | C19: 2 | D19: 1 | E19: 0 | F19: 2 | G19: =SUM(B19:F19) -> 23 | H19: 0 | I19: 0 | J19: 0 | K19: 0 | L19: 0 | M19: 0 | N19: =G19+M19 -> 23 | O19: =B19*1+C19*0.5+D19*1.5+E19*3+F19*4.5+H19*0.5+I19*1.5+J19*3+K19*4+L19*8 -> 29.5
... A103: 0745-0800 | B103: 5 | C103: 2 | D103: 2 | E103: 0 | F103: 0 | G103: =SUM(B103:F103) -> 9 | H103: 0 | I103: 0 | J103: 0 | K103: 0 | L103: 0 | M103: 0 | N103: =G103+M103 -> 9 | O103: =B103*1+C103*0.5+D103*1.5+E103*3+F103*4.5+H103*0.5+I103*1.5+J103*3+K103*4+L103*8 -> 9
A104: Total (Veh.) | B104: =SUM(B8:B103) -> 1478 | C104: =SUM(C8:C103) -> 687 | D104: =SUM(D8:D103) -> 213 | E104: =SUM(E8:E103) -> 47 | F104: =SUM(F8:F103) -> 132 | G104: =SUM(G8:G103) -> 2557 | H104: =SUM(H8:H103) -> 0 | I104: =SUM(I8:I103) -> 0 | ... O104: =SUM(O8:O103) -> 2900
A105: Total (PCUs) | B105: =+B104*1 -> 1478 | C105: =+C104*0.5 -> 343.5 | D105: =+D104*1.5 -> 319.5 | E105: =+E104*3 -> 141 | F105: =+F104*4.5 -> 594 | G105: =SUM(B105:F105) -> 2876 | H105: =+H104*0.5 -> 0 | I105: =+I104*1.5 -> 0 | J105: =+J104*3 -> 0 | K105: =+K104*4 -> 0 | L105: =+L104*8 -> 24 | M105: =SUM(H105:L105) -> 24 | O105: =G105+M105 -> 2900
A106: Composition | B106: =B104/$N$104 -> 0.57734375 | C106: =C104/$N$104 -> 0.26835938 | D106: =D104/$N$104 -> 0.083203125 | E106: =E104/$N$104 -> 0.018359375 | F106: =F104/$N$104 -> 0.0515625 | G106: =G104/$N$104 -> 0.99882812 | H106: =H104/$N$104 -> 0 | I106: =I104/$N$104 -> 0 | ... N106: =N104/$N$104 -> 1
A108: Location Name : | B108: =B2 -> TMC-14 Number (D2)
A109: Location Code : | B109: =B3 -> D2
A110: Direction From : | B110: =B4 -> Delhi | D110: =D4 -> To:
A112: Time | B112: Car, Taxi, Tempo, Auto Rickshaw & Pick up | C112: Motar Cycle, Scooter | D112: Agriculture Tractor, LCV Mini Bus | E112: Three Wheeler (Auto) Axle Truck, Buses | F112: Tractor Trailor, Truck Trailor Units (3 Axle & MAV) | G112: Total Fast Vehicle | H112: Cycle | I112: Cycle Rickshaw | J112: Hand Cart | K112: Horse Drawn | L112: Bullock Corts | M112: Total Slow | N112: Grand Total (Nos.) | O112: Grand Total (PCU's)
A114: 0800 - 0900 | B114: =B8+B9+B10+B11 -> 34 | C114: =C8+C9+C10+C11 -> 50 | D114: =D8+D9+D10+D11 -> 12 | E114: =E8+E9+E10+E11 -> 3 | F114: =F8+F9+F10+F11 -> 6 | G114: =SUM(B114:F114) -> 105 | H114: =H8+H9+H10+H11 -> 0 | I114: =I8+I9+I10+I11 -> 0 | J114: =J8+J9+J10+J11 -> 0 | K114: =K8+K9+K10+K11 -> 0 | L114: =L8+L9+L10+L11 -> 0 | M114: =SUM(H114:K114) -> 0 | N114: =G114+M114 -> 105 | O114: =B114*1+C114*0.5+D114*1.5+E114*3+F114*4.5+H114*0.5+I114*1.5+J114*3+K114*4+L114*8 -> 113
A115: 0815 - 0915 | B115: =B9+B10+B11+B12 -> 45 | C115: =C9+C10+C11+C12 -> 55 | D115: =D9+D10+D11+D12 -> 8 | E115: =E9+E10+E11+E12 -> 3 | F115: =F9+F10+F11+F12 -> 7 | G115: =SUM(B115:F115) -> 118 | H115: =H9+H10+H11+H12 -> 0 | I115: =I9+I10+I11+I12 -> 0 | J115: =J9+J10+J11+J12 -> 0 | K115: =K9+K10+K11+K12 -> 0 | L115: =L9+L10+L11+L12 -> 0 | M115: =SUM(H115:K115) -> 0 | N115: =G115+M115 -> 118 | O115: =B115*1+C115*0.5+D115*1.5+E115*3+F115*4.5+H115*0.5+I115*1.5+J115*3+K115*4+L115*8 -> 125
A116: 0830 - 0930 | B116: =B10+B11+B12+B13 -> 57 | C116: =C10+C11+C12+C13 -> 30 | D116: =D10+D11+D12+D13 -> 10 | E116: =E10+E11+E12+E13 -> 3 | F116: =F10+F11+F12+F13 -> 6 | G116: =SUM(B116:F116) -> 106 | H116: =H10+H11+H12+H13 -> 0 | I116: =I10+I11+I12+I13 -> 0 | J116: =J10+J11+J12+J13 -> 0 | K116: =K10+K11+K12+K13 -> 0 | L116: =L10+L11+L12+L13 -> 0 | M116: =SUM(H116:K116) -> 0 | N116: =G116+M116 -> 106 | O116: =B116*1+C116*0.5+D116*1.5+E116*3+F116*4.5+H116*0.5+I116*1.5+J116*3+K116*4+L116*8 -> 123
A117: 0845 - 0945 | B117: =B11+B12+B13+B14 -> 69 | C117: =C11+C12+C13+C14 -> 24 | D117: =D11+D12+D13+D14 -> 9 | E117: =E11+E12+E13+E14 -> 3 | F117: =F11+F12+F13+F14 -> 4 | G117: =SUM(B117:F117) -> 109 | H117: =H11+H12+H13+H14 -> 0 | I117: =I11+I12+I13+I14 -> 0 | J117: =J11+J12+J13+J14 -> 0 | K117: =K11+K12+K13+K14 -> 0 | L117: =L11+L12+L13+L14 -> 0 | M117: =SUM(H117:K117) -> 0 | N117: =G117+M117 -> 109 | O117: =B117*1+C117*0.5+D117*1.5+E117*3+F117*4.5+H117*0.5+I117*1.5+J117*3+K117*4+L117*8 -> 121.5
A118: 0900 - 1000 | B118: =B12+B13+B14+B15 -> 73 | C118: =C12+C13+C14+C15 -> 20 | D118: =D12+D13+D14+D15 -> 6 | E118: =E12+E13+E14+E15 -> 2 | F118: =F12+F13+F14+F15 -> 6 | G118: =SUM(B118:F118) -> 107 | H118: =H12+H13+H14+H15 -> 0 | I118: =I12+I13+I14+I15 -> 0 | J118: =J12+J13+J14+J15 -> 0 | K118: =K12+K13+K14+K15 -> 0 | L118: =L12+L13+L14+L15 -> 0 | M118: =SUM(H118:K118) -> 0 | N118: =G118+M118 -> 107 | O118: =B118*1+C118*0.5+D118*1.5+E118*3+F118*4.5+H118*0.5+I118*1.5+J118*3+K118*4+L118*8 -> 125
A119: 0915 - 1015 | B119: =B13+B14+B15+B16 -> 73 | C119: =C13+C14+C15+C16 -> 19 | D119: =D13+D14+D15+D16 -> 8 | E119: =E13+E14+E15+E16 -> 1 | F119: =F13+F14+F15+F16 -> 12 | G119: =SUM(B119:F119) -> 113 | H119: =H13+H14+H15+H16 -> 0 | I119: =I13+I14+I15+I16 -> 0 | J119: =J13+J14+J15+J16 -> 0 | K119: =K13+K14+K15+K16 -> 0 | L119: =L13+L14+L15+L16 -> 0 | M119: =SUM(H119:K119) -> 0 | N119: =G119+M119 -> 113 | O119: =B119*1+C119*0.5+D119*1.5+E119*3+F119*4.5+H119*0.5+I119*1.5+J119*3+K119*4+L119*8 -> 151.5
A120: 0930 - 1030 | B120: =B14+B15+B16+B17 -> 72 | C120: =C14+C15+C16+C17 -> 24 | D120: =D14+D15+D16+D17 -> 8 | E120: =E14+E15+E16+E17 -> 1 | F120: =F14+F15+F16+F17 -> 17 | G120: =SUM(B120:F120) -> 122 | H120: =H14+H15+H16+H17 -> 0 | I120: =I14+I15+I16+I17 -> 0 | J120: =J14+J15+J16+J17 -> 0 | K120: =K14+K15+K16+K17 -> 0 | L120: =L14+L15+L16+L17 -> 0 | M120: =SUM(H120:K120) -> 0 | N120: =G120+M120 -> 122 | O120: =B120*1+C120*0.5+D120*1.5+E120*3+F120*4.5+H120*0.5+I120*1.5+J120*3+K120*4+L120*8 -> 175.5
A121: 0945 - 1045 | B121: =B15+B16+B17+B18 -> 83 | C121: =C15+C16+C17+C18 -> 23 | D121: =D15+D16+D17+D18 -> 6 | E121: =E15+E16+E17+E18 -> 1 | F121: =F15+F16+F17+F18 -> 21 | G121: =SUM(B121:F121) -> 134 | H121: =H15+H16+H17+H18 -> 0 | I121: =I15+I16+I17+I18 -> 0 | J121: =J15+J16+J17+J18 -> 0 | K121: =K15+K16+K17+K18 -> 0 | L121: =L15+L16+L17+L18 -> 1 | M121: =SUM(H121:K121) -> 0 | N121: =G121+M121 -> 134 | O121: =B121*1+C121*0.5+D121*1.5+E121*3+F121*4.5+H121*0.5+I121*1.5+J121*3+K121*4+L121*8 -> 209
A122: 1000 - 1100 | B122: =B16+B17+B18+B19 -> 78 | C122: =C16+C17+C18+C19 -> 17 | D122: =D16+D17+D18+D19 -> 6 | E122: =E16+E17+E18+E19 -> 0 | F122: =F16+F17+F18+F19 -> 19 | G122: =SUM(B122:F122) -> 120 | H122: =H16+H17+H18+H19 -> 0 | I122: =I16+I17+I18+I19 -> 0 | J122: =J16+J17+J18+J19 -> 0 | K122: =K16+K17+K18+K19 -> 0 | L122: =L16+L17+L18+L19 -> 1 | M122: =SUM(H122:K122) -> 0 | N122: =G122+M122 -> 120 | O122: =B122*1+C122*0.5+D122*1.5+E122*3+F122*4.5+H122*0.5+I122*1.5+J122*3+K122*4+L122*8 -> 189
A123: 1015 - 1115 | B123: =B17+B18+B19+B20 -> 78 | C123: =C17+C18+C19+C20 -> 9 | D123: =D17+D18+D19+D20 -> 7 | E123: =E17+E18+E19+E20 -> 2 | F123: =F17+F18+F19+F20 -> 13 | G123: =SUM(B123:F123) -> 109 | H123: =H17+H18+H19+H20 -> 0 | I123: =I17+I18+I19+I20 -> 0 | J123: =J17+J18+J19+J20 -> 0 | K123: =K17+K18+K19+K20 -> 0 | L123: =L17+L18+L19+L20 -> 1 | M123: =SUM(H123:K123) -> 0 | N123: =G123+M123 -> 109 | O123: =B123*1+C123*0.5+D123*1.5+E123*3+F123*4.5+H123*0.5+I123*1.5+J123*3+K123*4+L123*8 -> 165.5
A124: 1030 - 1130 | B124: =B18+B19+B20+B21 -> 85 | C124: =C18+C19+C20+C21 -> 3 | D124: =D18+D19+D20+D21 -> 7 | E124: =E18+E19+E20+E21 -> 3 | F124: =F18+F19+F20+F21 -> 10 | G124: =SUM(B124:F124) -> 108 | H124: =H18+H19+H20+H21 -> 0 | I124: =I18+I19+I20+I21 -> 0 | J124: =J18+J19+J20+J21 -> 0 | K124: =K18+K19+K20+K21 -> 0 | L124: =L18+L19+L20+L21 -> 1 | M124: =SUM(H124:K124) -> 0 | N124: =G124+M124 -> 108 | O124: =B124*1+C124*0.5+D124*1.5+E124*3+F124*4.5+H124*0.5+I124*1.5+J124*3+K124*4+L124*8 -> 159
A125: 1045 - 1145 | B125: =B19+B20+B21+B22 -> 90 | C125: =C19+C20+C21+C22 -> 2 | D125: =D19+D20+D21+D22 -> 10 | E125: =E19+E20+E21+E22 -> 3 | F125: =F19+F20+F21+F22 -> 9 | G125: =SUM(B125:F125) -> 114 | H125: =H19+H20+H21+H22 -> 0 | I125: =I19+I20+I21+I22 -> 0 | J125: =J19+J20+J21+J22 -> 0 | K125: =K19+K20+K21+K22 -> 0 | L125: =L19+L20+L21+L22 -> 0 | M125: =SUM(H125:K125) -> 0 | N125: =G125+M125 -> 114 | O125: =B125*1+C125*0.5+D125*1.5+E125*3+F125*4.5+H125*0.5+I125*1.5+J125*3+K125*4+L125*8 -> 155.5
... A206: 0745 - 0845 | B206: =B100+B101+B102+B103 -> 35 | C206: =C100+C101+C102+C103 -> 22 | D206: =D100+D101+D102+D103 -> 4 | E206: =E100+E101+E102+E103 -> 0 | F206: =F100+F101+F102+F103 -> 2 | G206: =SUM(B206:F206) -> 63 | H206: =H100+H101+H102+H103 -> 0 | I206: =I100+I101+I102+I103 -> 0 | J206: =J100+J101+J102+J103 -> 0 | K206: =K100+K101+K102+K103 -> 0 | L206: =L100+L101+L102+L103 -> 0 | M206: =SUM(H206:K206) -> 0 | N206: =G206+M206 -> 63 | O206: =B206*1+C206*0.5+D206*1.5+E206*3+F206*4.5+H206*0.5+I206*1.5+J206*3+K206*4+L206*8 -> 61

Sheet V_7
A1: CLASSIFIED TRAFFIC VOLUME COUNT AT INTERSECTION
A2: Location Name : | B2: =Summary!B2 -> TMC-14 Number (D2)
A3: Location Code : | B3: =Summary!B3 -> D2
A4: Direction From : | B4: =Summary!H16 -> Chomu Pulia | D4: To: | E4: =Summary!F11 -> Mansarover
A6: Time | B6: Car, Taxi, Tempo, Auto Rickshaw & Pick up | C6: Motar Cycle, Scooter | D6: Agriculture Tractor, LCV Mini Bus | E6: Three Wheeler (Auto) Axle Truck, Buses | F6: Tractor Trailor, Truck Trailor Units (3 Axle & MAV) | G6: Total Fast Vehicle | H6: Cycle | I6: Cycle Rickshaw | J6: Hand Cart | K6: Horse Drawn | L6: Bullock Corts | M6: Total Slow | N6: Grand Total (Nos.) | O6: Grand Total (PCU's)
A8: 0800-0815 | B8: 85 | C8: 49 | D8: 4 | E8: 10 | F8: 2 | G8: =SUM(B8:F8) -> 150 | H8: 0 | I8: 0 | J8: 0 | K8: 0 | L8: 8 | M8: 1 | N8: =G8+M8 -> 151 | O8: =B8*1+C8*0.5+D8*1.5+E8*3+F8*4.5+H8*0.5+I8*1.5+J8*3+K8*4+L8*8 -> 218.5
A9: 0815-0830 | B9: 115 | C9: 65 | D9: 5 | E9: 15 | F9: 2 | G9: =SUM(B9:F9) -> 202 | H9: 1 | I9: 0 | J9: 0 | K9: 0 | L9: 7 | M9: 0 | N9: =G9+M9 -> 202 | O9: =B9*1+C9*0.5+D9*1.5+E9*3+F9*4.5+H9*0.5+I9*1.5+J9*3+K9*4+L9*8 -> 265.5
A10: 0830-0845 | B10: 93 | C10: 34 | D10: 8 | E10: 12 | F10: 1 | G10: =SUM(B10:F10) -> 148 | H10: 0 | I10: 0 | J10: 0 | K10: 0 | L10: 7 | M10: 0 | N10: =G10+M10 -> 148 | O10: =B10*1+C10*0.5+D10*1.5+E10*3+F10*4.5+H10*0.5+I10*1.5+J10*3+K10*4+L10*8 -> 218.5
A11: 0845-0900 | B11: 116 | C11: 57 | D11: 6 | E11: 14 | F11: 4 | G11: =SUM(B11:F11) -> 197 | H11: 0 | I11: 0 | J11: 0 | K11: 0 | L11: 8 | M11: 0 | N11: =G11+M11 -> 197 | O11: =B11*1+C11*0.5+D11*1.5+E11*3+F11*4.5+H11*0.5+I11*1.5+J11*3+K11*4+L11*8 -> 277.5
A12: 0900-0915 | B12: 118 | C12: 46 | D12: 7 | E12: 8 | F12: 2 | G12: =SUM(B12:F12) -> 181 | H12: 0 | I12: 0 | J12: 0 | K12: 0 | L12: 8 | M12: 0 | N12: =G12+M12 -> 181 | O12: =B12*1+C12*0.5+D12*1.5+E12*3+F12*4.5+H12*0.5+I12*1.5+J12*3+K12*4+L12*8 -> 248.5
A13: 0915-0930 | B13: 144 | C13: 96 | D13: 5 | E13: 11 | F13: 1 | G13: =SUM(B13:F13) -> 257 | H13: 0 | I13: 0 | J13: 0 | K13: 0 | L13: 10 | M13: 0 | N13: =G13+M13 -> 257 | O13: =B13*1+C13*0.5+D13*1.5+E13*3+F13*4.5+H13*0.5+I13*1.5+J13*3+K13*4+L13*8 -> 317
A14: 0930-0945 | B14: 119 | C14: 105 | D14: 9 | E14: 10 | F14: 1 | G14: =SUM(B14:F14) -> 244 | H14: 0 | I14: 0 | J14: 0 | K14: 0 | L14: 10 | M14: 0 | N14: =G14+M14 -> 244 | O14: =B14*1+C14*0.5+D14*1.5+E14*3+F14*4.5+H14*0.5+I14*1.5+J14*3+K14*4+L14*8 -> 299.5
A15: 0945-1000 | B15: 125 | C15: 63 | D15: 6 | E15: 10 | F15: 0 | G15: =SUM(B15:F15) -> 204 | H15: 0 | I15: 0 | J15: 0 | K15: 0 | L15: 6 | M15: 0 | N15: =G15+M15 -> 204 | O15: =B15*1+C15*0.5+D15*1.5+E15*3+F15*4.5+H15*0.5+I15*1.5+J15*3+K15*4+L15*8 -> 243.5
A16: 1000-1015 | B16: 170 | C16: 87 | D16: 7 | E16: 10 | F16: 0 | G16: =SUM(B16:F16) -> 274 | H16: 1 | I16: 0 | J16: 0 | K16: 0 | L16: 13 | M16: 0 | N16: =G16+M16 -> 274 | O16: =B16*1+C16*0.5+D16*1.5+E16*3+F16*4.5+H16*0.5+I16*1.5+J16*3+K16*4+L16*8 -> 358.5
A17: 1015-1030 | B17: 125 | C17: 59 | D17: 3 | E17: 4 | F17: 2 | G17: =SUM(B17:F17) -> 193 | H17: 0 | I17: 0 | J17: 0 | K17: 0 | L17: 8 | M17: 0 | N17: =G17+M17 -> 193 | O17: =B17*1+C17*0.5+D17*1.5+E17*3+F17*4.5+H17*0.5+I17*1.5+J17*3+K17*4+L17*8 -> 244
A18: 1030-1045 | B18: 155 | C18: 79 | D18: 6 | E18: 10 | F18: 1 | G18: =SUM(B18:F18) -> 251 | H18: 0 | I18: 0 | J18: 0 | K18: 0 | L18: 6 | M18: 0 | N18: =G18+M18 -> 251 | O18: =B18*1+C18*0.5+D18*1.5+E18*3+F18*4.5+H18*0.5+I18*1.5+J18*3+K18*4+L18*8 -> 286
A19: 1045-1100 | B19: 168 | C19: 86 | D19: 8 | E19: 17 | F19: 0 | G19: =SUM(B19:F19) -> 279 | H19: 0 | I19: 0 | J19: 0 | K19: 0 | L19: 8 | M19: 0 | N19: =G19+M19 -> 279 | O19: =B19*1+C19*0.5+D19*1.5+E19*3+F19*4.5+H19*0.5+I19*1.5+J19*3+K19*4+L19*8 -> 338
... A103: 0745-0800 | B103: 69 | C103: 27 | D103: 2 | E103: 8 | F103: 3 | G103: =SUM(B103:F103) -> 109 | H103: 0 | I103: 0 | J103: 0 | K103: 0 | L103: 2 | M103: 0 | N103: =G103+M103 -> 109 | O103: =B103*1+C103*0.5+D103*1.5+E103*3+F103*4.5+H103*0.5+I103*1.5+J103*3+K103*4+L103*8 -> 139
A104: Total (Veh.) | B104: =SUM(B8:B103) -> 8454 | C104: =SUM(C8:C103) -> 5055 | D104: =SUM(D8:D103) -> 385 | E104: =SUM(E8:E103) -> 541 | F104: =SUM(F8:F103) -> 318 | G104: =SUM(G8:G103) -> 14753 | H104: =SUM(H8:H103) -> 3 | I104: =SUM(I8:I103) -> 0 | ... O104: =SUM(O8:O103) -> 16758.5
A105: Total (PCUs) | B105: =+B104*1 -> 8454 | C105: =+C104*0.5 -> 2527.5 | D105: =+D104*1.5 -> 577.5 | E105: =+E104*3 -> 1623 | F105: =+F104*4.5 -> 1431 | G105: =SUM(B105:F105) -> 14613 | H105: =+H104*0.5 -> 1.5 | I105: =+I104*1.5 -> 0 | J105: =+J104*3 -> 0 | K105: =+K104*4 -> 0 | L105: =+L104*8 -> 2144 | M105: =SUM(H105:L105) -> 2145.5 | O105: =G105+M105 -> 16758.5
A106: Composition | B106: =B104/$N$104 -> 0.57288067 | C106: =C104/$N$104 -> 0.3425493 | D106: =D104/$N$104 -> 0.026089314 | E106: =E104/$N$104 -> 0.036660568 | F106: =F104/$N$104 -> 0.021549095 | G106: =G104/$N$104 -> 0.99972894 | H106: =H104/$N$104 -> 0.00020329335 | I106: =I104/$N$104 -> 0 | ... N106: =N104/$N$104 -> 1
A108: Location Name : | B108: =B2 -> TMC-14 Number (D2)
A109: Location Code : | B109: =B3 -> D2
A110: Direction From : | B110: =B4 -> Chomu Pulia | D110: =D4 -> To:
A112: Time | B112: Car, Taxi, Tempo, Auto Rickshaw & Pick up | C112: Motar Cycle, Scooter | D112: Agriculture Tractor, LCV Mini Bus | E112: Three Wheeler (Auto) Axle Truck, Buses | F112: Tractor Trailor, Truck Trailor Units (3 Axle & MAV) | G112: Total Fast Vehicle | H112: Cycle | I112: Cycle Rickshaw | J112: Hand Cart | K112: Horse Drawn | L112: Bullock Corts | M112: Total Slow | N112: Grand Total (Nos.) | O112: Grand Total (PCU's)
A114: 0800 - 0900 | B114: =B8+B9+B10+B11 -> 409 | C114: =C8+C9+C10+C11 -> 205 | D114: =D8+D9+D10+D11 -> 23 | E114: =E8+E9+E10+E11 -> 51 | F114: =F8+F9+F10+F11 -> 9 | G114: =SUM(B114:F114) -> 697 | H114: =H8+H9+H10+H11 -> 1 | I114: =I8+I9+I10+I11 -> 0 | J114: =J8+J9+J10+J11 -> 0 | K114: =K8+K9+K10+K11 -> 0 | L114: =L8+L9+L10+L11 -> 30 | M114: =SUM(H114:K114) -> 1 | N114: =G114+M114 -> 698 | O114: =B114*1+C114*0.5+D114*1.5+E114*3+F114*4.5+H114*0.5+I114*1.5+J114*3+K114*4+L114*8 -> 980
A115: 0815 - 0915 | B115: =B9+B10+B11+B12 -> 442 | C115: =C9+C10+C11+C12 -> 202 | D115: =D9+D10+D11+D12 -> 26 | E115: =E9+E10+E11+E12 -> 49 | F115: =F9+F10+F11+F12 -> 9 | G115: =SUM(B115:F115) -> 728 | H115: =H9+H10+H11+H12 -> 1 | I115: =I9+I10+I11+I12 -> 0 | J115: =J9+J10+J11+J12 -> 0 | K115: =K9+K10+K11+K12 -> 0 | L115: =L9+L10+L11+L12 -> 30 | M115: =SUM(H115:K115) -> 1 | N115: =G115+M115 -> 729 | O115: =B115*1+C115*0.5+D115*1.5+E115*3+F115*4.5+H115*0.5+I115*1.5+J115*3+K115*4+L115*8 -> 1010
A116: 0830 - 0930 | B116: =B10+B11+B12+B13 -> 471 | C116: =C10+C11+C12+C13 -> 233 | D116: =D10+D11+D12+D13 -> 26 | E116: =E10+E11+E12+E13 -> 45 | F116: =F10+F11+F12+F13 -> 8 | G116: =SUM(B116:F116) -> 783 | H116: =H10+H11+H12+H13 -> 0 | I116: =I10+I11+I12+I13 -> 0 | J116: =J10+J11+J12+J13 -> 0 | K116: =K10+K11+K12+K13 -> 0 | L116: =L10+L11+L12+L13 -> 33 | M116: =SUM(H116:K116) -> 0 | N116: =G116+M116 -> 783 | O116: =B116*1+C116*0.5+D116*1.5+E116*3+F116*4.5+H116*0.5+I116*1.5+J116*3+K116*4+L116*8 -> 1061.5
A117: 0845 - 0945 | B117: =B11+B12+B13+B14 -> 497 | C117: =C11+C12+C13+C14 -> 304 | D117: =D11+D12+D13+D14 -> 27 | E117: =E11+E12+E13+E14 -> 43 | F117: =F11+F12+F13+F14 -> 8 | G117: =SUM(B117:F117) -> 879 | H117: =H11+H12+H13+H14 -> 0 | I117: =I11+I12+I13+I14 -> 0 | J117: =J11+J12+J13+J14 -> 0 | K117: =K11+K12+K13+K14 -> 0 | L117: =L11+L12+L13+L14 -> 36 | M117: =SUM(H117:K117) -> 0 | N117: =G117+M117 -> 879 | O117: =B117*1+C117*0.5+D117*1.5+E117*3+F117*4.5+H117*0.5+I117*1.5+J117*3+K117*4+L117*8 -> 1142.5
A118: 0900 - 1000 | B118: =B12+B13+B14+B15 -> 506 | C118: =C12+C13+C14+C15 -> 310 | D118: =D12+D13+D14+D15 -> 27 | E118: =E12+E13+E14+E15 -> 39 | F118: =F12+F13+F14+F15 -> 4 | G118: =SUM(B118:F118) -> 886 | H118: =H12+H13+H14+H15 -> 0 | I118: =I12+I13+I14+I15 -> 0 | J118: =J12+J13+J14+J15 -> 0 | K118: =K12+K13+K14+K15 -> 0 | L118: =L12+L13+L14+L15 -> 34 | M118: =SUM(H118:K118) -> 0 | N118: =G118+M118 -> 886 | O118: =B118*1+C118*0.5+D118*1.5+E118*3+F118*4.5+H118*0.5+I118*1.5+J118*3+K118*4+L118*8 -> 1108.5
A119: 0915 - 1015 | B119: =B13+B14+B15+B16 -> 558 | C119: =C13+C14+C15+C16 -> 351 | D119: =D13+D14+D15+D16 -> 27 | E119: =E13+E14+E15+E16 -> 41 | F119: =F13+F14+F15+F16 -> 2 | G119: =SUM(B119:F119) -> 979 | H119: =H13+H14+H15+H16 -> 1 | I119: =I13+I14+I15+I16 -> 0 | J119: =J13+J14+J15+J16 -> 0 | K119: =K13+K14+K15+K16 -> 0 | L119: =L13+L14+L15+L16 -> 39 | M119: =SUM(H119:K119) -> 1 | N119: =G119+M119 -> 980 | O119: =B119*1+C119*0.5+D119*1.5+E119*3+F119*4.5+H119*0.5+I119*1.5+J119*3+K119*4+L119*8 -> 1218.5
A120: 0930 - 1030 | B120: =B14+B15+B16+B17 -> 539 | C120: =C14+C15+C16+C17 -> 314 | D120: =D14+D15+D16+D17 -> 25 | E120: =E14+E15+E16+E17 -> 34 | F120: =F14+F15+F16+F17 -> 3 | G120: =SUM(B120:F120) -> 915 | H120: =H14+H15+H16+H17 -> 1 | I120: =I14+I15+I16+I17 -> 0 | J120: =J14+J15+J16+J17 -> 0 | K120: =K14+K15+K16+K17 -> 0 | L120: =L14+L15+L16+L17 -> 37 | M120: =SUM(H120:K120) -> 1 | N120: =G120+M120 -> 916 | O120: =B120*1+C120*0.5+D120*1.5+E120*3+F120*4.5+H120*0.5+I120*1.5+J120*3+K120*4+L120*8 -> 1145.5
A121: 0945 - 1045 | B121: =B15+B16+B17+B18 -> 575 | C121: =C15+C16+C17+C18 -> 288 | D121: =D15+D16+D17+D18 -> 22 | E121: =E15+E16+E17+E18 -> 34 | F121: =F15+F16+F17+F18 -> 3 | G121: =SUM(B121:F121) -> 922 | H121: =H15+H16+H17+H18 -> 1 | I121: =I15+I16+I17+I18 -> 0 | J121: =J15+J16+J17+J18 -> 0 | K121: =K15+K16+K17+K18 -> 0 | L121: =L15+L16+L17+L18 -> 33 | M121: =SUM(H121:K121) -> 1 | N121: =G121+M121 -> 923 | O121: =B121*1+C121*0.5+D121*1.5+E121*3+F121*4.5+H121*0.5+I121*1.5+J121*3+K121*4+L121*8 -> 1132
A122: 1000 - 1100 | B122: =B16+B17+B18+B19 -> 618 | C122: =C16+C17+C18+C19 -> 311 | D122: =D16+D17+D18+D19 -> 24 | E122: =E16+E17+E18+E19 -> 41 | F122: =F16+F17+F18+F19 -> 3 | G122: =SUM(B122:F122) -> 997 | H122: =H16+H17+H18+H19 -> 1 | I122: =I16+I17+I18+I19 -> 0 | J122: =J16+J17+J18+J19 -> 0 | K122: =K16+K17+K18+K19 -> 0 | L122: =L16+L17+L18+L19 -> 35 | M122: =SUM(H122:K122) -> 1 | N122: =G122+M122 -> 998 | O122: =B122*1+C122*0.5+D122*1.5+E122*3+F122*4.5+H122*0.5+I122*1.5+J122*3+K122*4+L122*8 -> 1226.5
A123: 1015 - 1115 | B123: =B17+B18+B19+B20 -> 607 | C123: =C17+C18+C19+C20 -> 277 | D123: =D17+D18+D19+D20 -> 22 | E123: =E17+E18+E19+E20 -> 50 | F123: =F17+F18+F19+F20 -> 5 | G123: =SUM(B123:F123) -> 961 | H123: =H17+H18+H19+H20 -> 0 | I123: =I17+I18+I19+I20 -> 0 | J123: =J17+J18+J19+J20 -> 0 | K123: =K17+K18+K19+K20 -> 0 | L123: =L17+L18+L19+L20 -> 30 | M123: =SUM(H123:K123) -> 0 | N123: =G123+M123 -> 961 | O123: =B123*1+C123*0.5+D123*1.5+E123*3+F123*4.5+H123*0.5+I123*1.5+J123*3+K123*4+L123*8 -> 1191
A124: 1030 - 1130 | B124: =B18+B19+B20+B21 -> 644 | C124: =C18+C19+C20+C21 -> 269 | D124: =D18+D19+D20+D21 -> 26 | E124: =E18+E19+E20+E21 -> 62 | F124: =F18+F19+F20+F21 -> 5 | G124: =SUM(B124:F124) -> 1006 | H124: =H18+H19+H20+H21 -> 0 | I124: =I18+I19+I20+I21 -> 0 | J124: =J18+J19+J20+J21 -> 0 | K124: =K18+K19+K20+K21 -> 0 | L124: =L18+L19+L20+L21 -> 28 | M124: =SUM(H124:K124) -> 0 | N124: =G124+M124 -> 1006 | O124: =B124*1+C124*0.5+D124*1.5+E124*3+F124*4.5+H124*0.5+I124*1.5+J124*3+K124*4+L124*8 -> 1250
A125: 1045 - 1145 | B125: =B19+B20+B21+B22 -> 625 | C125: =C19+C20+C21+C22 -> 237 | D125: =D19+D20+D21+D22 -> 26 | E125: =E19+E20+E21+E22 -> 64 | F125: =F19+F20+F21+F22 -> 6 | G125: =SUM(B125:F125) -> 958 | H125: =H19+H20+H21+H22 -> 0 | I125: =I19+I20+I21+I22 -> 0 | J125: =J19+J20+J21+J22 -> 0 | K125: =K19+K20+K21+K22 -> 0 | L125: =L19+L20+L21+L22 -> 29 | M125: =SUM(H125:K125) -> 0 | N125: =G125+M125 -> 958 | O125: =B125*1+C125*0.5+D125*1.5+E125*3+F125*4.5+H125*0.5+I125*1.5+J125*3+K125*4+L125*8 -> 1233.5
... A206: 0745 - 0845 | B206: =B100+B101+B102+B103 -> 251 | C206: =C100+C101+C102+C103 -> 76 | D206: =D100+D101+D102+D103 -> 10 | E206: =E100+E101+E102+E103 -> 32 | F206: =F100+F101+F102+F103 -> 10 | G206: =SUM(B206:F206) -> 379 | H206: =H100+H101+H102+H103 -> 0 | I206: =I100+I101+I102+I103 -> 0 | J206: =J100+J101+J102+J103 -> 0 | K206: =K100+K101+K102+K103 -> 0 | L206: =L100+L101+L102+L103 -> 11 | M206: =SUM(H206:K206) -> 0 | N206: =G206+M206 -> 379 | O206: =B206*1+C206*0.5+D206*1.5+E206*3+F206*4.5+H206*0.5+I206*1.5+J206*3+K206*4+L206*8 -> 533

Sheet V_8
A1: CLASSIFIED TRAFFIC VOLUME COUNT AT INTERSECTION
A2: Location Name : | B2: =Summary!B2 -> TMC-14 Number (D2)
A3: Location Code : | B3: =Summary!B3 -> D2
A4: Direction From : | B4: =Summary!H16 -> Chomu Pulia | D4: To: | E4: =Summary!H6 -> Nindar
A6: Time | B6: Car, Taxi, Tempo, Auto Rickshaw & Pick up | C6: Motar Cycle, Scooter | D6: Agriculture Tractor, LCV Mini Bus | E6: Three Wheeler (Auto) Axle Truck, Buses | F6: Tractor Trailor, Truck Trailor Units (3 Axle & MAV) | G6: Total Fast Vehicle | H6: Cycle | I6: Cycle Rickshaw | J6: Hand Cart | K6: Horse Drawn | L6: Bullock Corts | M6: Total Slow | N6: Grand Total (Nos.) | O6: Grand Total (PCU's)
A8: 0800-0815 | B8: 101 | C8: 64 | D8: 2 | E8: 6 | F8: 0 | G8: =SUM(B8:F8) -> 173 | H8: 0 | I8: 0 | J8: 0 | K8: 0 | L8: 1 | M8: 0 | N8: =G8+M8 -> 173 | O8: =B8*1+C8*0.5+D8*1.5+E8*3+F8*4.5+H8*0.5+I8*1.5+J8*3+K8*4+L8*8 -> 162
A9: 0815-0830 | B9: 107 | C9: 64 | D9: 3 | E9: 2 | F9: 0 | G9: =SUM(B9:F9) -> 176 | H9: 1 | I9: 0 | J9: 0 | K9: 0 | L9: 3 | M9: 0 | N9: =G9+M9 -> 176 | O9: =B9*1+C9*0.5+D9*1.5+E9*3+F9*4.5+H9*0.5+I9*1.5+J9*3+K9*4+L9*8 -> 174
A10: 0830-0845 | B10: 155 | C10: 108 | D10: 4 | E10: 1 | F10: 0 | G10: =SUM(B10:F10) -> 268 | H10: 0 | I10: 0 | J10: 0 | K10: 0 | L10: 2 | M10: 0 | N10: =G10+M10 -> 268 | O10: =B10*1+C10*0.5+D10*1.5+E10*3+F10*4.5+H10*0.5+I10*1.5+J10*3+K10*4+L10*8 -> 234
A11: 0845-0900 | B11: 180 | C11: 148 | D11: 6 | E11: 0 | F11: 0 | G11: =SUM(B11:F11) -> 334 | H11: 0 | I11: 0 | J11: 0 | K11: 0 | L11: 2 | M11: 0 | N11: =G11+M11 -> 334 | O11: =B11*1+C11*0.5+D11*1.5+E11*3+F11*4.5+H11*0.5+I11*1.5+J11*3+K11*4+L11*8 -> 279
A12: 0900-0915 | B12: 163 | C12: 124 | D12: 9 | E12: 0 | F12: 0 | G12: =SUM(B12:F12) -> 296 | H12: 0 | I12: 0 | J12: 0 | K12: 0 | L12: 1 | M12: 0 | N12: =G12+M12 -> 296 | O12: =B12*1+C12*0.5+D12*1.5+E12*3+F12*4.5+H12*0.5+I12*1.5+J12*3+K12*4+L12*8 -> 246.5
A13: 0915-0930 | B13: 154 | C13: 112 | D13: 4 | E13: 0 | F13: 0 | G13: =SUM(B13:F13) -> 270 | H13: 0 | I13: 0 | J13: 0 | K13: 0 | L13: 1 | M13: 0 | N13: =G13+M13 -> 270 | O13: =B13*1+C13*0.5+D13*1.5+E13*3+F13*4.5+H13*0.5+I13*1.5+J13*3+K13*4+L13*8 -> 224
A14: 0930-0945 | B14: 124 | C14: 76 | D14: 2 | E14: 1 | F14: 0 | G14: =SUM(B14:F14) -> 203 | H14: 0 | I14: 0 | J14: 0 | K14: 0 | L14: 1 | M14: 0 | N14: =G14+M14 -> 203 | O14: =B14*1+C14*0.5+D14*1.5+E14*3+F14*4.5+H14*0.5+I14*1.5+J14*3+K14*4+L14*8 -> 176
A15: 0945-1000 | B15: 106 | C15: 68 | D15: 6 | E15: 0 | F15: 0 | G15: =SUM(B15:F15) -> 180 | H15: 0 | I15: 0 | J15: 0 | K15: 0 | L15: 1 | M15: 0 | N15: =G15+M15 -> 180 | O15: =B15*1+C15*0.5+D15*1.5+E15*3+F15*4.5+H15*0.5+I15*1.5+J15*3+K15*4+L15*8 -> 157
A16: 1000-1015 | B16: 131 | C16: 100 | D16: 4 | E16: 0 | F16: 1 | G16: =SUM(B16:F16) -> 236 | H16: 0 | I16: 0 | J16: 0 | K16: 0 | L16: 0 | M16: 0 | N16: =G16+M16 -> 236 | O16: =B16*1+C16*0.5+D16*1.5+E16*3+F16*4.5+H16*0.5+I16*1.5+J16*3+K16*4+L16*8 -> 191.5
A17: 1015-1030 | B17: 107 | C17: 68 | D17: 3 | E17: 1 | F17: 2 | G17: =SUM(B17:F17) -> 181 | H17: 0 | I17: 0 | J17: 0 | K17: 0 | L17: 1 | M17: 0 | N17: =G17+M17 -> 181 | O17: =B17*1+C17*0.5+D17*1.5+E17*3+F17*4.5+H17*0.5+I17*1.5+J17*3+K17*4+L17*8 -> 165.5
A18: 1030-1045 | B18: 105 | C18: 56 | D18: 2 | E18: 1 | F18: 2 | G18: =SUM(B18:F18) -> 166 | H18: 0 | I18: 0 | J18: 0 | K18: 0 | L18: 2 | M18: 0 | N18: =G18+M18 -> 166 | O18: =B18*1+C18*0.5+D18*1.5+E18*3+F18*4.5+H18*0.5+I18*1.5+J18*3+K18*4+L18*8 -> 164
A19: 1045-1100 | B19: 102 | C19: 68 | D19: 0 | E19: 0 | F19: 0 | G19: =SUM(B19:F19) -> 170 | H19: 0 | I19: 0 | J19: 0 | K19: 0 | L19: 0 | M19: 0 | N19: =G19+M19 -> 170 | O19: =B19*1+C19*0.5+D19*1.5+E19*3+F19*4.5+H19*0.5+I19*1.5+J19*3+K19*4+L19*8 -> 136
... A103: 0745-0800 | B103: 104 | C103: 31 | D103: 3 | E103: 11 | F103: 2 | G103: =SUM(B103:F103) -> 151 | H103: 0 | I103: 0 | J103: 0 | K103: 0 | L103: 2 | M103: 0 | N103: =G103+M103 -> 151 | O103: =B103*1+C103*0.5+D103*1.5+E103*3+F103*4.5+H103*0.5+I103*1.5+J103*3+K103*4+L103*8 -> 182
A104: Total (Veh.) | B104: =SUM(B8:B103) -> 8286 | C104: =SUM(C8:C103) -> 7736 | D104: =SUM(D8:D103) -> 456 | E104: =SUM(E8:E103) -> 565 | F104: =SUM(F8:F103) -> 150 | G104: =SUM(G8:G103) -> 17193 | H104: =SUM(H8:H103) -> 4 | I104: =SUM(I8:I103) -> 0 | ... O104: =SUM(O8:O103) -> 15706
A105: Total (PCUs) | B105: =+B104*1 -> 8286 | C105: =+C104*0.5 -> 3868 | D105: =+D104*1.5 -> 684 | E105: =+E104*3 -> 1695 | F105: =+F104*4.5 -> 675 | G105: =SUM(B105:F105) -> 15208 | H105: =+H104*0.5 -> 2 | I105: =+I104*1.5 -> 0 | J105: =+J104*3 -> 0 | K105: =+K104*4 -> 0 | L105: =+L104*8 -> 496 | M105: =SUM(H105:L105) -> 498 | O105: =G105+M105 -> 15706
A106: Composition | B106: =B104/$N$104 -> 0.48191229 | C106: =C104/$N$104 -> 0.44992439 | D106: =D104/$N$104 -> 0.026520879 | E106: =E104/$N$104 -> 0.0328603 | F106: =F104/$N$104 -> 0.0087239735 | G106: =G104/$N$104 -> 0.99994184 | H106: =H104/$N$104 -> 0.00023263929 | I106: =I104/$N$104 -> 0 | ... N106: =N104/$N$104 -> 1
A108: Location Name : | B108: =B2 -> TMC-14 Number (D2)
A109: Location Code : | B109: =B3 -> D2
A110: Direction From : | B110: =B4 -> Chomu Pulia | D110: =D4 -> To:
A112: Time | B112: Car, Taxi, Tempo, Auto Rickshaw & Pick up | C112: Motar Cycle, Scooter | D112: Agriculture Tractor, LCV Mini Bus | E112: Three Wheeler (Auto) Axle Truck, Buses | F112: Tractor Trailor, Truck Trailor Units (3 Axle & MAV) | G112: Total Fast Vehicle | H112: Cycle | I112: Cycle Rickshaw | J112: Hand Cart | K112: Horse Drawn | L112: Bullock Corts | M112: Total Slow | N112: Grand Total (Nos.) | O112: Grand Total (PCU's)
A114: 0800 - 0900 | B114: =B8+B9+B10+B11 -> 543 | C114: =C8+C9+C10+C11 -> 384 | D114: =D8+D9+D10+D11 -> 15 | E114: =E8+E9+E10+E11 -> 9 | F114: =F8+F9+F10+F11 -> 0 | G114: =SUM(B114:F114) -> 951 | H114: =H8+H9+H10+H11 -> 1 | I114: =I8+I9+I10+I11 -> 0 | J114: =J8+J9+J10+J11 -> 0 | K114: =K8+K9+K10+K11 -> 0 | L114: =L8+L9+L10+L11 -> 8 | M114: =SUM(H114:K114) -> 1 | N114: =G114+M114 -> 952 | O114: =B114*1+C114*0.5+D114*1.5+E114*3+F114*4.5+H114*0.5+I114*1.5+J114*3+K114*4+L114*8 -> 849
A115: 0815 - 0915 | B115: =B9+B10+B11+B12 -> 605 | C115: =C9+C10+C11+C12 -> 444 | D115: =D9+D10+D11+D12 -> 22 | E115: =E9+E10+E11+E12 -> 3 | F115: =F9+F10+F11+F12 -> 0 | G115: =SUM(B115:F115) -> 1074 | H115: =H9+H10+H11+H12 -> 1 | I115: =I9+I10+I11+I12 -> 0 | J115: =J9+J10+J11+J12 -> 0 | K115: =K9+K10+K11+K12 -> 0 | L115: =L9+L10+L11+L12 -> 8 | M115: =SUM(H115:K115) -> 1 | N115: =G115+M115 -> 1075 | O115: =B115*1+C115*0.5+D115*1.5+E115*3+F115*4.5+H115*0.5+I115*1.5+J115*3+K115*4+L115*8 -> 933.5
A116: 0830 - 0930 | B116: =B10+B11+B12+B13 -> 652 | C116: =C10+C11+C12+C13 -> 492 | D116: =D10+D11+D12+D13 -> 23 | E116: =E10+E11+E12+E13 -> 1 | F116: =F10+F11+F12+F13 -> 0 | G116: =SUM(B116:F116) -> 1168 | H116: =H10+H11+H12+H13 -> 0 | I116: =I10+I11+I12+I13 -> 0 | J116: =J10+J11+J12+J13 -> 0 | K116: =K10+K11+K12+K13 -> 0 | L116: =L10+L11+L12+L13 -> 6 | M116: =SUM(H116:K116) -> 0 | N116: =G116+M116 -> 1168 | O116: =B116*1+C116*0.5+D116*1.5+E116*3+F116*4.5+H116*0.5+I116*1.5+J116*3+K116*4+L116*8 -> 983.5
A117: 0845 - 0945 | B117: =B11+B12+B13+B14 -> 621 | C117: =C11+C12+C13+C14 -> 460 | D117: =D11+D12+D13+D14 -> 21 | E117: =E11+E12+E13+E14 -> 1 | F117: =F11+F12+F13+F14 -> 0 | G117: =SUM(B117:F117) -> 1103 | H117: =H11+H12+H13+H14 -> 0 | I117: =I11+I12+I13+I14 -> 0 | J117: =J11+J12+J13+J14 -> 0 | K117: =K11+K12+K13+K14 -> 0 | L117: =L11+L12+L13+L14 -> 5 | M117: =SUM(H117:K117) -> 0 | N117: =G117+M117 -> 1103 | O117: =B117*1+C117*0.5+D117*1.5+E117*3+F117*4.5+H117*0.5+I117*1.5+J117*3+K117*4+L117*8 -> 925.5
A118: 0900 - 1000 | B118: =B12+B13+B14+B15 -> 547 | C118: =C12+C13+C14+C15 -> 380 | D118: =D12+D13+D14+D15 -> 21 | E118: =E12+E13+E14+E15 -> 1 | F118: =F12+F13+F14+F15 -> 0 | G118: =SUM(B118:F118) -> 949 | H118: =H12+H13+H14+H15 -> 0 | I118: =I12+I13+I14+I15 -> 0 | J118: =J12+J13+J14+J15 -> 0 | K118: =K12+K13+K14+K15 -> 0 | L118: =L12+L13+L14+L15 -> 4 | M118: =SUM(H118:K118) -> 0 | N118: =G118+M118 -> 949 | O118: =B118*1+C118*0.5+D118*1.5+E118*3+F118*4.5+H118*0.5+I118*1.5+J118*3+K118*4+L118*8 -> 803.5
A119: 0915 - 1015 | B119: =B13+B14+B15+B16 -> 515 | C119: =C13+C14+C15+C16 -> 356 | D119: =D13+D14+D15+D16 -> 16 | E119: =E13+E14+E15+E16 -> 1 | F119: =F13+F14+F15+F16 -> 1 | G119: =SUM(B119:F119) -> 889 | H119: =H13+H14+H15+H16 -> 0 | I119: =I13+I14+I15+I16 -> 0 | J119: =J13+J14+J15+J16 -> 0 | K119: =K13+K14+K15+K16 -> 0 | L119: =L13+L14+L15+L16 -> 3 | M119: =SUM(H119:K119) -> 0 | N119: =G119+M119 -> 889 | O119: =B119*1+C119*0.5+D119*1.5+E119*3+F119*4.5+H119*0.5+I119*1.5+J119*3+K119*4+L119*8 -> 748.5
A120: 0930 - 1030 | B120: =B14+B15+B16+B17 -> 468 | C120: =C14+C15+C16+C17 -> 312 | D120: =D14+D15+D16+D17 -> 15 | E120: =E14+E15+E16+E17 -> 2 | F120: =F14+F15+F16+F17 -> 3 | G120: =SUM(B120:F120) -> 800 | H120: =H14+H15+H16+H17 -> 0 | I120: =I14+I15+I16+I17 -> 0 | J120: =J14+J15+J16+J17 -> 0 | K120: =K14+K15+K16+K17 -> 0 | L120: =L14+L15+L16+L17 -> 3 | M120: =SUM(H120:K120) -> 0 | N120: =G120+M120 -> 800 | O120: =B120*1+C120*0.5+D120*1.5+E120*3+F120*4.5+H120*0.5+I120*1.5+J120*3+K120*4+L120*8 -> 690
A121: 0945 - 1045 | B121: =B15+B16+B17+B18 -> 449 | C121: =C15+C16+C17+C18 -> 292 | D121: =D15+D16+D17+D18 -> 15 | E121: =E15+E16+E17+E18 -> 2 | F121: =F15+F16+F17+F18 -> 5 | G121: =SUM(B121:F121) -> 763 | H121: =H15+H16+H17+H18 -> 0 | I121: =I15+I16+I17+I18 -> 0 | J121: =J15+J16+J17+J18 -> 0 | K121: =K15+K16+K17+K18 -> 0 | L121: =L15+L16+L17+L18 -> 4 | M121: =SUM(H121:K121) -> 0 | N121: =G121+M121 -> 763 | O121: =B121*1+C121*0.5+D121*1.5+E121*3+F121*4.5+H121*0.5+I121*1.5+J121*3+K121*4+L121*8 -> 678
A122: 1000 - 1100 | B122: =B16+B17+B18+B19 -> 445 | C122: =C16+C17+C18+C19 -> 292 | D122: =D16+D17+D18+D19 -> 9 | E122: =E16+E17+E18+E19 -> 2 | F122: =F16+F17+F18+F19 -> 5 | G122: =SUM(B122:F122) -> 753 | H122: =H16+H17+H18+H19 -> 0 | I122: =I16+I17+I18+I19 -> 0 | J122: =J16+J17+J18+J19 -> 0 | K122: =K16+K17+K18+K19 -> 0 | L122: =L16+L17+L18+L19 -> 3 | M122: =SUM(H122:K122) -> 0 | N122: =G122+M122 -> 753 | O122: =B122*1+C122*0.5+D122*1.5+E122*3+F122*4.5+H122*0.5+I122*1.5+J122*3+K122*4+L122*8 -> 657
A123: 1015 - 1115 | B123: =B17+B18+B19+B20 -> 405 | C123: =C17+C18+C19+C20 -> 244 | D123: =D17+D18+D19+D20 -> 5 | E123: =E17+E18+E19+E20 -> 3 | F123: =F17+F18+F19+F20 -> 4 | G123: =SUM(B123:F123) -> 661 | H123: =H17+H18+H19+H20 -> 0 | I123: =I17+I18+I19+I20 -> 0 | J123: =J17+J18+J19+J20 -> 0 | K123: =K17+K18+K19+K20 -> 0 | L123: =L17+L18+L19+L20 -> 3 | M123: =SUM(H123:K123) -> 0 | N123: =G123+M123 -> 661 | O123: =B123*1+C123*0.5+D123*1.5+E123*3+F123*4.5+H123*0.5+I123*1.5+J123*3+K123*4+L123*8 -> 585.5
A124: 1030 - 1130 | B124: =B18+B19+B20+B21 -> 413 | C124: =C18+C19+C20+C21 -> 252 | D124: =D18+D19+D20+D21 -> 4 | E124: =E18+E19+E20+E21 -> 5 | F124: =F18+F19+F20+F21 -> 3 | G124: =SUM(B124:F124) -> 677 | H124: =H18+H19+H20+H21 -> 0 | I124: =I18+I19+I20+I21 -> 0 | J124: =J18+J19+J20+J21 -> 0 | K124: =K18+K19+K20+K21 -> 0 | L124: =L18+L19+L20+L21 -> 3 | M124: =SUM(H124:K124) -> 0 | N124: =G124+M124 -> 677 | O124: =B124*1+C124*0.5+D124*1.5+E124*3+F124*4.5+H124*0.5+I124*1.5+J124*3+K124*4+L124*8 -> 597.5
A125: 1045 - 1145 | B125: =B19+B20+B21+B22 -> 394 | C125: =C19+C20+C21+C22 -> 254 | D125: =D19+D20+D21+D22 -> 7 | E125: =E19+E20+E21+E22 -> 4 | F125: =F19+F20+F21+F22 -> 1 | G125: =SUM(B125:F125) -> 660 | H125: =H19+H20+H21+H22 -> 0 | I125: =I19+I20+I21+I22 -> 0 | J125: =J19+J20+J21+J22 -> 0 | K125: =K19+K20+K21+K22 -> 0 | L125: =L19+L20+L21+L22 -> 1 | M125: =SUM(H125:K125) -> 0 | N125: =G125+M125 -> 660 | O125: =B125*1+C125*0.5+D125*1.5+E125*3+F125*4.5+H125*0.5+I125*1.5+J125*3+K125*4+L125*8 -> 556
... A206: 0745 - 0845 | B206: =B100+B101+B102+B103 -> 442 | C206: =C100+C101+C102+C103 -> 127 | D206: =D100+D101+D102+D103 -> 23 | E206: =E100+E101+E102+E103 -> 51 | F206: =F100+F101+F102+F103 -> 11 | G206: =SUM(B206:F206) -> 654 | H206: =H100+H101+H102+H103 -> 0 | I206: =I100+I101+I102+I103 -> 0 | J206: =J100+J101+J102+J103 -> 0 | K206: =K100+K101+K102+K103 -> 0 | L206: =L100+L101+L102+L103 -> 5 | M206: =SUM(H206:K206) -> 0 | N206: =G206+M206 -> 654 | O206: =B206*1+C206*0.5+D206*1.5+E206*3+F206*4.5+H206*0.5+I206*1.5+J206*3+K206*4+L206*8 -> 782.5

Sheet V_9
A1: CLASSIFIED TRAFFIC VOLUME COUNT AT INTERSECTION
A2: Location Name : | B2: =Summary!B2 -> TMC-14 Number (D2)
A3: Location Code : | B3: =Summary!B3 -> D2
A4: Direction From : | B4: =Summary!H16 -> Chomu Pulia | D4: To: | E4: =Summary!J11 -> Delhi
A6: Time | B6: Car, Taxi, Tempo, Auto Rickshaw & Pick up | C6: Motar Cycle, Scooter | D6: Agriculture Tractor, LCV Mini Bus | E6: Three Wheeler (Auto) Axle Truck, Buses | F6: Tractor Trailor, Truck Trailor Units (3 Axle & MAV) | G6: Total Fast Vehicle | H6: Cycle | I6: Cycle Rickshaw | J6: Hand Cart | K6: Horse Drawn | L6: Bullock Corts | M6: Total Slow | N6: Grand Total (Nos.) | O6: Grand Total (PCU's)
A8: 0800-0815 | B8: 37 | C8: 10 | D8: 4 | E8: 4 | F8: 1 | G8: =SUM(B8:F8) -> 56 | H8: 0 | I8: 0 | J8: 0 | K8: 0 | L8: 1 | M8: 0 | N8: =G8+M8 -> 56 | O8: =B8*1+C8*0.5+D8*1.5+E8*3+F8*4.5+H8*0.5+I8*1.5+J8*3+K8*4+L8*8 -> 72.5
A9: 0815-0830 | B9: 16 | C9: 11 | D9: 3 | E9: 1 | F9: 1 | G9: =SUM(B9:F9) -> 32 | H9: 0 | I9: 1 | J9: 0 | K9: 0 | L9: 0 | M9: 0 | N9: =G9+M9 -> 32 | O9: =B9*1+C9*0.5+D9*1.5+E9*3+F9*4.5+H9*0.5+I9*1.5+J9*3+K9*4+L9*8 -> 35
A10: 0830-0845 | B10: 24 | C10: 14 | D10: 4 | E10: 0 | F10: 1 | G10: =SUM(B10:F10) -> 43 | H10: 0 | I10: 0 | J10: 0 | K10: 0 | L10: 0 | M10: 0 | N10: =G10+M10 -> 43 | O10: =B10*1+C10*0.5+D10*1.5+E10*3+F10*4.5+H10*0.5+I10*1.5+J10*3+K10*4+L10*8 -> 41.5
A11: 0845-0900 | B11: 32 | C11: 17 | D11: 2 | E11: 1 | F11: 1 | G11: =SUM(B11:F11) -> 53 | H11: 1 | I11: 0 | J11: 0 | K11: 0 | L11: 0 | M11: 0 | N11: =G11+M11 -> 53 | O11: =B11*1+C11*0.5+D11*1.5+E11*3+F11*4.5+H11*0.5+I11*1.5+J11*3+K11*4+L11*8 -> 51.5
A12: 0900-0915 | B12: 23 | C12: 13 | D12: 2 | E12: 1 | F12: 3 | G12: =SUM(B12:F12) -> 42 | H12: 0 | I12: 0 | J12: 0 | K12: 0 | L12: 2 | M12: 0 | N12: =G12+M12 -> 42 | O12: =B12*1+C12*0.5+D12*1.5+E12*3+F12*4.5+H12*0.5+I12*1.5+J12*3+K12*4+L12*8 -> 65
A13: 0915-0930 | B13: 33 | C13: 17 | D13: 0 | E13: 1 | F13: 0 | G13: =SUM(B13:F13) -> 51 | H13: 0 | I13: 0 | J13: 0 | K13: 0 | L13: 0 | M13: 0 | N13: =G13+M13 -> 51 | O13: =B13*1+C13*0.5+D13*1.5+E13*3+F13*4.5+H13*0.5+I13*1.5+J13*3+K13*4+L13*8 -> 44.5
A14: 0930-0945 | B14: 25 | C14: 9 | D14: 2 | E14: 3 | F14: 1 | G14: =SUM(B14:F14) -> 40 | H14: 0 | I14: 0 | J14: 0 | K14: 0 | L14: 0 | M14: 0 | N14: =G14+M14 -> 40 | O14: =B14*1+C14*0.5+D14*1.5+E14*3+F14*4.5+H14*0.5+I14*1.5+J14*3+K14*4+L14*8 -> 46
A15: 0945-1000 | B15: 31 | C15: 19 | D15: 0 | E15: 1 | F15: 0 | G15: =SUM(B15:F15) -> 51 | H15: 0 | I15: 0 | J15: 0 | K15: 0 | L15: 0 | M15: 0 | N15: =G15+M15 -> 51 | O15: =B15*1+C15*0.5+D15*1.5+E15*3+F15*4.5+H15*0.5+I15*1.5+J15*3+K15*4+L15*8 -> 43.5
A16: 1000-1015 | B16: 25 | C16: 12 | D16: 5 | E16: 0 | F16: 1 | G16: =SUM(B16:F16) -> 43 | H16: 0 | I16: 0 | J16: 0 | K16: 0 | L16: 0 | M16: 0 | N16: =G16+M16 -> 43 | O16: =B16*1+C16*0.5+D16*1.5+E16*3+F16*4.5+H16*0.5+I16*1.5+J16*3+K16*4+L16*8 -> 43
A17: 1015-1030 | B17: 32 | C17: 22 | D17: 0 | E17: 0 | F17: 1 | G17: =SUM(B17:F17) -> 55 | H17: 0 | I17: 0 | J17: 0 | K17: 0 | L17: 1 | M17: 0 | N17: =G17+M17 -> 55 | O17: =B17*1+C17*0.5+D17*1.5+E17*3+F17*4.5+H17*0.5+I17*1.5+J17*3+K17*4+L17*8 -> 55.5
A18: 1030-1045 | B18: 36 | C18: 16 | D18: 0 | E18: 1 | F18: 2 | G18: =SUM(B18:F18) -> 55 | H18: 0 | I18: 0 | J18: 0 | K18: 0 | L18: 0 | M18: 0 | N18: =G18+M18 -> 55 | O18: =B18*1+C18*0.5+D18*1.5+E18*3+F18*4.5+H18*0.5+I18*1.5+J18*3+K18*4+L18*8 -> 56
A19: 1045-1100 | B19: 40 | C19: 14 | D19: 2 | E19: 0 | F19: 3 | G19: =SUM(B19:F19) -> 59 | H19: 0 | I19: 0 | J19: 0 | K19: 0 | L19: 0 | M19: 0 | N19: =G19+M19 -> 59 | O19: =B19*1+C19*0.5+D19*1.5+E19*3+F19*4.5+H19*0.5+I19*1.5+J19*3+K19*4+L19*8 -> 63.5
... A103: 0745-0800 | B103: 21 | C103: 25 | D103: 2 | E103: 1 | F103: 3 | G103: =SUM(B103:F103) -> 52 | H103: 0 | I103: 0 | J103: 0 | K103: 0 | L103: 3 | M103: 0 | N103: =G103+M103 -> 52 | O103: =B103*1+C103*0.5+D103*1.5+E103*3+F103*4.5+H103*0.5+I103*1.5+J103*3+K103*4+L103*8 -> 77
A104: Total (Veh.) | B104: =SUM(B8:B103) -> 2644 | C104: =SUM(C8:C103) -> 1282 | D104: =SUM(D8:D103) -> 208 | E104: =SUM(E8:E103) -> 104 | F104: =SUM(F8:F103) -> 164 | G104: =SUM(G8:G103) -> 4402 | H104: =SUM(H8:H103) -> 3 | I104: =SUM(I8:I103) -> 1 | ... O104: =SUM(O8:O103) -> 5074
A105: Total (PCUs) | B105: =+B104*1 -> 2644 | C105: =+C104*0.5 -> 641 | D105: =+D104*1.5 -> 312 | E105: =+E104*3 -> 312 | F105: =+F104*4.5 -> 738 | G105: =SUM(B105:F105) -> 4647 | H105: =+H104*0.5 -> 1.5 | I105: =+I104*1.5 -> 1.5 | J105: =+J104*3 -> 0 | K105: =+K104*4 -> 0 | L105: =+L104*8 -> 424 | M105: =SUM(H105:L105) -> 427 | O105: =G105+M105 -> 5074
A106: Composition | B106: =B104/$N$104 -> 0.60049966 | C106: =C104/$N$104 -> 0.29116511 | D106: =D104/$N$104 -> 0.047240518 | E106: =E104/$N$104 -> 0.023620259 | F106: =F104/$N$104 -> 0.037247331 | G106: =G104/$N$104 -> 0.99977288 | H106: =H104/$N$104 -> 0.00068135362 | I106: =I104/$N$104 -> 0.00022711787 | ... N106: =N104/$N$104 -> 1
A108: Location Name : | B108: =B2 -> TMC-14 Number (D2)
A109: Location Code : | B109: =B3 -> D2
A110: Direction From : | B110: =B4 -> Chomu Pulia | D110: =D4 -> To:
A112: Time | B112: Car, Taxi, Tempo, Auto Rickshaw & Pick up | C112: Motar Cycle, Scooter | D112: Agriculture Tractor, LCV Mini Bus | E112: Three Wheeler (Auto) Axle Truck, Buses | F112: Tractor Trailor, Truck Trailor Units (3 Axle & MAV) | G112: Total Fast Vehicle | H112: Cycle | I112: Cycle Rickshaw | J112: Hand Cart | K112: Horse Drawn | L112: Bullock Corts | M112: Total Slow | N112: Grand Total (Nos.) | O112: Grand Total (PCU's)
A114: 0800 - 0900 | B114: =B8+B9+B10+B11 -> 109 | C114: =C8+C9+C10+C11 -> 52 | D114: =D8+D9+D10+D11 -> 13 | E114: =E8+E9+E10+E11 -> 6 | F114: =F8+F9+F10+F11 -> 4 | G114: =SUM(B114:F114) -> 184 | H114: =H8+H9+H10+H11 -> 1 | I114: =I8+I9+I10+I11 -> 1 | J114: =J8+J9+J10+J11 -> 0 | K114: =K8+K9+K10+K11 -> 0 | L114: =L8+L9+L10+L11 -> 1 | M114: =SUM(H114:K114) -> 2 | N114: =G114+M114 -> 186 | O114: =B114*1+C114*0.5+D114*1.5+E114*3+F114*4.5+H114*0.5+I114*1.5+J114*3+K114*4+L114*8 -> 200.5
A115: 0815 - 0915 | B115: =B9+B10+B11+B12 -> 95 | C115: =C9+C10+C11+C12 -> 55 | D115: =D9+D10+D11+D12 -> 11 | E115: =E9+E10+E11+E12 -> 3 | F115: =F9+F10+F11+F12 -> 6 | G115: =SUM(B115:F115) -> 170 | H115: =H9+H10+H11+H12 -> 1 | I115: =I9+I10+I11+I12 -> 1 | J115: =J9+J10+J11+J12 -> 0 | K115: =K9+K10+K11+K12 -> 0 | L115: =L9+L10+L11+L12 -> 2 | M115: =SUM(H115:K115) -> 2 | N115: =G115+M115 -> 172 | O115: =B115*1+C115*0.5+D115*1.5+E115*3+F115*4.5+H115*0.5+I115*1.5+J115*3+K115*4+L115*8 -> 193
A116: 0830 - 0930 | B116: =B10+B11+B12+B13 -> 112 | C116: =C10+C11+C12+C13 -> 61 | D116: =D10+D11+D12+D13 -> 8 | E116: =E10+E11+E12+E13 -> 3 | F116: =F10+F11+F12+F13 -> 5 | G116: =SUM(B116:F116) -> 189 | H116: =H10+H11+H12+H13 -> 1 | I116: =I10+I11+I12+I13 -> 0 | J116: =J10+J11+J12+J13 -> 0 | K116: =K10+K11+K12+K13 -> 0 | L116: =L10+L11+L12+L13 -> 2 | M116: =SUM(H116:K116) -> 1 | N116: =G116+M116 -> 190 | O116: =B116*1+C116*0.5+D116*1.5+E116*3+F116*4.5+H116*0.5+I116*1.5+J116*3+K116*4+L116*8 -> 202.5
A117: 0845 - 0945 | B117: =B11+B12+B13+B14 -> 113 | C117: =C11+C12+C13+C14 -> 56 | D117: =D11+D12+D13+D14 -> 6 | E117: =E11+E12+E13+E14 -> 6 | F117: =F11+F12+F13+F14 -> 5 | G117: =SUM(B117:F117) -> 186 | H117: =H11+H12+H13+H14 -> 1 | I117: =I11+I12+I13+I14 -> 0 | J117: =J11+J12+J13+J14 -> 0 | K117: =K11+K12+K13+K14 -> 0 | L117: =L11+L12+L13+L14 -> 2 | M117: =SUM(H117:K117) -> 1 | N117: =G117+M117 -> 187 | O117: =B117*1+C117*0.5+D117*1.5+E117*3+F117*4.5+H117*0.5+I117*1.5+J117*3+K117*4+L117*8 -> 207
A118: 0900 - 1000 | B118: =B12+B13+B14+B15 -> 112 | C118: =C12+C13+C14+C15 -> 58 | D118: =D12+D13+D14+D15 -> 4 | E118: =E12+E13+E14+E15 -> 6 | F118: =F12+F13+F14+F15 -> 4 | G118: =SUM(B118:F118) -> 184 | H118: =H12+H13+H14+H15 -> 0 | I118: =I12+I13+I14+I15 -> 0 | J118: =J12+J13+J14+J15 -> 0 | K118: =K12+K13+K14+K15 -> 0 | L118: =L12+L13+L14+L15 -> 2 | M118: =SUM(H118:K118) -> 0 | N118: =G118+M118 -> 184 | O118: =B118*1+C118*0.5+D118*1.5+E118*3+F118*4.5+H118*0.5+I118*1.5+J118*3+K118*4+L118*8 -> 199
A119: 0915 - 1015 | B119: =B13+B14+B15+B16 -> 114 | C119: =C13+C14+C15+C16 -> 57 | D119: =D13+D14+D15+D16 -> 7 | E119: =E13+E14+E15+E16 -> 5 | F119: =F13+F14+F15+F16 -> 2 | G119: =SUM(B119:F119) -> 185 | H119: =H13+H14+H15+H16 -> 0 | I119: =I13+I14+I15+I16 -> 0 | J119: =J13+J14+J15+J16 -> 0 | K119: =K13+K14+K15+K16 -> 0 | L119: =L13+L14+L15+L16 -> 0 | M119: =SUM(H119:K119) -> 0 | N119: =G119+M119 -> 185 | O119: =B119*1+C119*0.5+D119*1.5+E119*3+F119*4.5+H119*0.5+I119*1.5+J119*3+K119*4+L119*8 -> 177
A120: 0930 - 1030 | B120: =B14+B15+B16+B17 -> 113 | C120: =C14+C15+C16+C17 -> 62 | D120: =D14+D15+D16+D17 -> 7 | E120: =E14+E15+E16+E17 -> 4 | F120: =F14+F15+F16+F17 -> 3 | G120: =SUM(B120:F120) -> 189 | H120: =H14+H15+H16+H17 -> 0 | I120: =I14+I15+I16+I17 -> 0 | J120: =J14+J15+J16+J17 -> 0 | K120: =K14+K15+K16+K17 -> 0 | L120: =L14+L15+L16+L17 -> 1 | M120: =SUM(H120:K120) -> 0 | N120: =G120+M120 -> 189 | O120: =B120*1+C120*0.5+D120*1.5+E120*3+F120*4.5+H120*0.5+I120*1.5+J120*3+K120*4+L120*8 -> 188
A121: 0945 - 1045 | B121: =B15+B16+B17+B18 -> 124 | C121: =C15+C16+C17+C18 -> 69 | D121: =D15+D16+D17+D18 -> 5 | E121: =E15+E16+E17+E18 -> 2 | F121: =F15+F16+F17+F18 -> 4 | G121: =SUM(B121:F121) -> 204 | H121: =H15+H16+H17+H18 -> 0 | I121: =I15+I16+I17+I18 -> 0 | J121: =J15+J16+J17+J18 -> 0 | K121: =K15+K16+K17+K18 -> 0 | L121: =L15+L16+L17+L18 -> 1 | M121: =SUM(H121:K121) -> 0 | N121: =G121+M121 -> 204 | O121: =B121*1+C121*0.5+D121*1.5+E121*3+F121*4.5+H121*0.5+I121*1.5+J121*3+K121*4+L121*8 -> 198
A122: 1000 - 1100 | B122: =B16+B17+B18+B19 -> 133 | C122: =C16+C17+C18+C19 -> 64 | D122: =D16+D17+D18+D19 -> 7 | E122: =E16+E17+E18+E19 -> 1 | F122: =F16+F17+F18+F19 -> 7 | G122: =SUM(B122:F122) -> 212 | H122: =H16+H17+H18+H19 -> 0 | I122: =I16+I17+I18+I19 -> 0 | J122: =J16+J17+J18+J19 -> 0 | K122: =K16+K17+K18+K19 -> 0 | L122: =L16+L17+L18+L19 -> 1 | M122: =SUM(H122:K122) -> 0 | N122: =G122+M122 -> 212 | O122: =B122*1+C122*0.5+D122*1.5+E122*3+F122*4.5+H122*0.5+I122*1.5+J122*3+K122*4+L122*8 -> 218
A123: 1015 - 1115 | B123: =B17+B18+B19+B20 -> 145 | C123: =C17+C18+C19+C20 -> 63 | D123: =D17+D18+D19+D20 -> 3 | E123: =E17+E18+E19+E20 -> 1 | F123: =F17+F18+F19+F20 -> 8 | G123: =SUM(B123:F123) -> 220 | H123: =H17+H18+H19+H20 -> 0 | I123: =I17+I18+I19+I20 -> 0 | J123: =J17+J18+J19+J20 -> 0 | K123: =K17+K18+K19+K20 -> 0 | L123: =L17+L18+L19+L20 -> 1 | M123: =SUM(H123:K123) -> 0 | N123: =G123+M123 -> 220 | O123: =B123*1+C123*0.5+D123*1.5+E123*3+F123*4.5+H123*0.5+I123*1.5+J123*3+K123*4+L123*8 -> 228
A124: 1030 - 1130 | B124: =B18+B19+B20+B21 -> 147 | C124: =C18+C19+C20+C21 -> 60 | D124: =D18+D19+D20+D21 -> 4 | E124: =E18+E19+E20+E21 -> 1 | F124: =F18+F19+F20+F21 -> 12 | G124: =SUM(B124:F124) -> 224 | H124: =H18+H19+H20+H21 -> 0 | I124: =I18+I19+I20+I21 -> 0 | J124: =J18+J19+J20+J21 -> 0 | K124: =K18+K19+K20+K21 -> 0 | L124: =L18+L19+L20+L21 -> 2 | M124: =SUM(H124:K124) -> 0 | N124: =G124+M124 -> 224 | O124: =B124*1+C124*0.5+D124*1.5+E124*3+F124*4.5+H124*0.5+I124*1.5+J124*3+K124*4+L124*8 -> 256
A125: 1045 - 1145 | B125: =B19+B20+B21+B22 -> 139 | C125: =C19+C20+C21+C22 -> 63 | D125: =D19+D20+D21+D22 -> 7 | E125: =E19+E20+E21+E22 -> 0 | F125: =F19+F20+F21+F22 -> 14 | G125: =SUM(B125:F125) -> 223 | H125: =H19+H20+H21+H22 -> 0 | I125: =I19+I20+I21+I22 -> 0 | J125: =J19+J20+J21+J22 -> 0 | K125: =K19+K20+K21+K22 -> 0 | L125: =L19+L20+L21+L22 -> 2 | M125: =SUM(H125:K125) -> 0 | N125: =G125+M125 -> 223 | O125: =B125*1+C125*0.5+D125*1.5+E125*3+F125*4.5+H125*0.5+I125*1.5+J125*3+K125*4+L125*8 -> 260
... A206: 0745 - 0845 | B206: =B100+B101+B102+B103 -> 117 | C206: =C100+C101+C102+C103 -> 80 | D206: =D100+D101+D102+D103 -> 8 | E206: =E100+E101+E102+E103 -> 3 | F206: =F100+F101+F102+F103 -> 6 | G206: =SUM(B206:F206) -> 214 | H206: =H100+H101+H102+H103 -> 0 | I206: =I100+I101+I102+I103 -> 0 | J206: =J100+J101+J102+J103 -> 0 | K206: =K100+K101+K102+K103 -> 0 | L206: =L100+L101+L102+L103 -> 9 | M206: =SUM(H206:K206) -> 0 | N206: =G206+M206 -> 214 | O206: =B206*1+C206*0.5+D206*1.5+E206*3+F206*4.5+H206*0.5+I206*1.5+J206*3+K206*4+L206*8 -> 277

Sheet V_10
A1: CLASSIFIED TRAFFIC VOLUME COUNT AT INTERSECTION
A2: Location Name : | B2: =Summary!B2 -> TMC-14 Number (D2)
A3: Location Code : | B3: =Summary!B3 -> D2
A4: Direction From : | B4: =Summary!F11 -> Mansarover | D4: To: | E4: =Summary!H6 -> Nindar
A6: Time | B6: Car, Taxi, Tempo, Auto Rickshaw & Pick up | C6: Motar Cycle, Scooter | D6: Agriculture Tractor, LCV Mini Bus | E6: Three Wheeler (Auto) Axle Truck, Buses | F6: Tractor Trailor, Truck Trailor Units (3 Axle & MAV) | G6: Total Fast Vehicle | H6: Cycle | I6: Cycle Rickshaw | J6: Hand Cart | K6: Horse Drawn | L6: Bullock Corts | M6: Total Slow | N6: Grand Total (Nos.) | O6: Grand Total (PCU's)
A8: 0800-0815 | B8: 98 | C8: 37 | D8: 1 | E8: 4 | F8: 2 | G8: =SUM(B8:F8) -> 142 | H8: 0 | I8: 0 | J8: 0 | K8: 0 | L8: 0 | M8: 0 | N8: =G8+M8 -> 142 | O8: =B8*1+C8*0.5+D8*1.5+E8*3+F8*4.5+H8*0.5+I8*1.5+J8*3+K8*4+L8*8 -> 139
A9: 0815-0830 | B9: 90 | C9: 12 | D9: 9 | E9: 4 | F9: 9 | G9: =SUM(B9:F9) -> 124 | H9: 0 | I9: 0 | J9: 0 | K9: 0 | L9: 2 | M9: 0 | N9: =G9+M9 -> 124 | O9: =B9*1+C9*0.5+D9*1.5+E9*3+F9*4.5+H9*0.5+I9*1.5+J9*3+K9*4+L9*8 -> 178
A10: 0830-0845 | B10: 108 | C10: 27 | D10: 5 | E10: 2 | F10: 4 | G10: =SUM(B10:F10) -> 146 | H10: 0 | I10: 0 | J10: 0 | K10: 0 | L10: 2 | M10: 0 | N10: =G10+M10 -> 146 | O10: =B10*1+C10*0.5+D10*1.5+E10*3+F10*4.5+H10*0.5+I10*1.5+J10*3+K10*4+L10*8 -> 169
A11: 0845-0900 | B11: 117 | C11: 12 | D11: 4 | E11: 0 | F11: 2 | G11: =SUM(B11:F11) -> 135 | H11: 0 | I11: 0 | J11: 0 | K11: 0 | L11: 2 | M11: 0 | N11: =G11+M11 -> 135 | O11: =B11*1+C11*0.5+D11*1.5+E11*3+F11*4.5+H11*0.5+I11*1.5+J11*3+K11*4+L11*8 -> 154
A12: 0900-0915 | B12: 118 | C12: 15 | D12: 4 | E12: 2 | F12: 6 | G12: =SUM(B12:F12) -> 145 | H12: 0 | I12: 0 | J12: 0 | K12: 0 | L12: 4 | M12: 0 | N12: =G12+M12 -> 145 | O12: =B12*1+C12*0.5+D12*1.5+E12*3+F12*4.5+H12*0.5+I12*1.5+J12*3+K12*4+L12*8 -> 196.5
A13: 0915-0930 | B13: 140 | C13: 2 | D13: 6 | E13: 0 | F13: 8 | G13: =SUM(B13:F13) -> 156 | H13: 0 | I13: 0 | J13: 0 | K13: 0 | L13: 0 | M13: 0 | N13: =G13+M13 -> 156 | O13: =B13*1+C13*0.5+D13*1.5+E13*3+F13*4.5+H13*0.5+I13*1.5+J13*3+K13*4+L13*8 -> 186
A14: 0930-0945 | B14: 143 | C14: 18 | D14: 6 | E14: 2 | F14: 10 | G14: =SUM(B14:F14) -> 179 | H14: 0 | I14: 0 | J14: 0 | K14: 0 | L14: 1 | M14: 0 | N14: =G14+M14 -> 179 | O14: =B14*1+C14*0.5+D14*1.5+E14*3+F14*4.5+H14*0.5+I14*1.5+J14*3+K14*4+L14*8 -> 220
A15: 0945-1000 | B15: 135 | C15: 10 | D15: 2 | E15: 1 | F15: 7 | G15: =SUM(B15:F15) -> 155 | H15: 0 | I15: 0 | J15: 0 | K15: 0 | L15: 3 | M15: 0 | N15: =G15+M15 -> 155 | O15: =B15*1+C15*0.5+D15*1.5+E15*3+F15*4.5+H15*0.5+I15*1.5+J15*3+K15*4+L15*8 -> 201.5
A16: 1000-1015 | B16: 144 | C16: 31 | D16: 4 | E16: 4 | F16: 5 | G16: =SUM(B16:F16) -> 188 | H16: 0 | I16: 0 | J16: 0 | K16: 0 | L16: 1 | M16: 0 | N16: =G16+M16 -> 188 | O16: =B16*1+C16*0.5+D16*1.5+E16*3+F16*4.5+H16*0.5+I16*1.5+J16*3+K16*4+L16*8 -> 208
A17: 1015-1030 | B17: 163 | C17: 21 | D17: 6 | E17: 6 | F17: 5 | G17: =SUM(B17:F17) -> 201 | H17: 0 | I17: 0 | J17: 0 | K17: 0 | L17: 0 | M17: 0 | N17: =G17+M17 -> 201 | O17: =B17*1+C17*0.5+D17*1.5+E17*3+F17*4.5+H17*0.5+I17*1.5+J17*3+K17*4+L17*8 -> 223
A18: 1030-1045 | B18: 144 | C18: 18 | D18: 2 | E18: 5 | F18: 2 | G18: =SUM(B18:F18) -> 171 | H18: 0 | I18: 0 | J18: 0 | K18: 0 | L18: 0 | M18: 0 | N18: =G18+M18 -> 171 | O18: =B18*1+C18*0.5+D18*1.5+E18*3+F18*4.5+H18*0.5+I18*1.5+J18*3+K18*4+L18*8 -> 180
A19: 1045-1100 | B19: 176 | C19: 16 | D19: 9 | E19: 1 | F19: 9 | G19: =SUM(B19:F19) -> 211 | H19: 0 | I19: 0 | J19: 0 | K19: 0 | L19: 1 | M19: 1 | N19: =G19+M19 -> 212 | O19: =B19*1+C19*0.5+D19*1.5+E19*3+F19*4.5+H19*0.5+I19*1.5+J19*3+K19*4+L19*8 -> 249
... A103: 0745-0800 | B103: 110 | C103: 28 | D103: 8 | E103: 2 | F103: 12 | G103: =SUM(B103:F103) -> 160 | H103: 0 | I103: 0 | J103: 0 | K103: 0 | L103: 0 | M103: 0 | N103: =G103+M103 -> 160 | O103: =B103*1+C103*0.5+D103*1.5+E103*3+F103*4.5+H103*0.5+I103*1.5+J103*3+K103*4+L103*8 -> 196
A104: Total (Veh.) | B104: =SUM(B8:B103) -> 8844 | C104: =SUM(C8:C103) -> 2108 | D104: =SUM(D8:D103) -> 628 | E104: =SUM(E8:E103) -> 239 | F104: =SUM(F8:F103) -> 629 | G104: =SUM(G8:G103) -> 12448 | H104: =SUM(H8:H103) -> 0 | I104: =SUM(I8:I103) -> 0 | ... O104: =SUM(O8:O103) -> 14612.5
A105: Total (PCUs) | B105: =+B104*1 -> 8844 | C105: =+C104*0.5 -> 1054 | D105: =+D104*1.5 -> 942 | E105: =+E104*3 -> 717 | F105: =+F104*4.5 -> 2830.5 | G105: =SUM(B105:F105) -> 14387.5 | H105: =+H104*0.5 -> 0 | I105: =+I104*1.5 -> 0 | J105: =+J104*3 -> 9 | K105: =+K104*4 -> 0 | L105: =+L104*8 -> 216 | M105: =SUM(H105:L105) -> 225 | O105: =G105+M105 -> 14612.5
A106: Composition | B106: =B104/$N$104 -> 0.71041851 | C106: =C104/$N$104 -> 0.16933087 | D106: =D104/$N$104 -> 0.050445819 | E106: =E104/$N$104 -> 0.019198329 | F106: =F104/$N$104 -> 0.050526147 | G106: =G104/$N$104 -> 0.99991967 | H106: =H104/$N$104 -> 0 | I106: =I104/$N$104 -> 0 | ... N106: =N104/$N$104 -> 1
A108: Location Name : | B108: =B2 -> TMC-14 Number (D2)
A109: Location Code : | B109: =B3 -> D2
A110: Direction From : | B110: =B4 -> Mansarover | D110: =D4 -> To:
A112: Time | B112: Car, Taxi, Tempo, Auto Rickshaw & Pick up | C112: Motar Cycle, Scooter | D112: Agriculture Tractor, LCV Mini Bus | E112: Three Wheeler (Auto) Axle Truck, Buses | F112: Tractor Trailor, Truck Trailor Units (3 Axle & MAV) | G112: Total Fast Vehicle | H112: Cycle | I112: Cycle Rickshaw | J112: Hand Cart | K112: Horse Drawn | L112: Bullock Corts | M112: Total Slow | N112: Grand Total (Nos.) | O112: Grand Total (PCU's)
A114: 0800 - 0900 | B114: =B8+B9+B10+B11 -> 413 | C114: =C8+C9+C10+C11 -> 88 | D114: =D8+D9+D10+D11 -> 19 | E114: =E8+E9+E10+E11 -> 10 | F114: =F8+F9+F10+F11 -> 17 | G114: =SUM(B114:F114) -> 547 | H114: =H8+H9+H10+H11 -> 0 | I114: =I8+I9+I10+I11 -> 0 | J114: =J8+J9+J10+J11 -> 0 | K114: =K8+K9+K10+K11 -> 0 | L114: =L8+L9+L10+L11 -> 6 | M114: =SUM(H114:K114) -> 0 | N114: =G114+M114 -> 547 | O114: =B114*1+C114*0.5+D114*1.5+E114*3+F114*4.5+H114*0.5+I114*1.5+J114*3+K114*4+L114*8 -> 640
A115: 0815 - 0915 | B115: =B9+B10+B11+B12 -> 433 | C115: =C9+C10+C11+C12 -> 66 | D115: =D9+D10+D11+D12 -> 22 | E115: =E9+E10+E11+E12 -> 8 | F115: =F9+F10+F11+F12 -> 21 | G115: =SUM(B115:F115) -> 550 | H115: =H9+H10+H11+H12 -> 0 | I115: =I9+I10+I11+I12 -> 0 | J115: =J9+J10+J11+J12 -> 0 | K115: =K9+K10+K11+K12 -> 0 | L115: =L9+L10+L11+L12 -> 10 | M115: =SUM(H115:K115) -> 0 | N115: =G115+M115 -> 550 | O115: =B115*1+C115*0.5+D115*1.5+E115*3+F115*4.5+H115*0.5+I115*1.5+J115*3+K115*4+L115*8 -> 697.5
A116: 0830 - 0930 | B116: =B10+B11+B12+B13 -> 483 | C116: =C10+C11+C12+C13 -> 56 | D116: =D10+D11+D12+D13 -> 19 | E116: =E10+E11+E12+E13 -> 4 | F116: =F10+F11+F12+F13 -> 20 | G116: =SUM(B116:F116) -> 582 | H116: =H10+H11+H12+H13 -> 0 | I116: =I10+I11+I12+I13 -> 0 | J116: =J10+J11+J12+J13 -> 0 | K116: =K10+K11+K12+K13 -> 0 | L116: =L10+L11+L12+L13 -> 8 | M116: =SUM(H116:K116) -> 0 | N116: =G116+M116 -> 582 | O116: =B116*1+C116*0.5+D116*1.5+E116*3+F116*4.5+H116*0.5+I116*1.5+J116*3+K116*4+L116*8 -> 705.5
A117: 0845 - 0945 | B117: =B11+B12+B13+B14 -> 518 | C117: =C11+C12+C13+C14 -> 47 | D117: =D11+D12+D13+D14 -> 20 | E117: =E11+E12+E13+E14 -> 4 | F117: =F11+F12+F13+F14 -> 26 | G117: =SUM(B117:F117) -> 615 | H117: =H11+H12+H13+H14 -> 0 | I117: =I11+I12+I13+I14 -> 0 | J117: =J11+J12+J13+J14 -> 0 | K117: =K11+K12+K13+K14 -> 0 | L117: =L11+L12+L13+L14 -> 7 | M117: =SUM(H117:K117) -> 0 | N117: =G117+M117 -> 615 | O117: =B117*1+C117*0.5+D117*1.5+E117*3+F117*4.5+H117*0.5+I117*1.5+J117*3+K117*4+L117*8 -> 756.5
A118: 0900 - 1000 | B118: =B12+B13+B14+B15 -> 536 | C118: =C12+C13+C14+C15 -> 45 | D118: =D12+D13+D14+D15 -> 18 | E118: =E12+E13+E14+E15 -> 5 | F118: =F12+F13+F14+F15 -> 31 | G118: =SUM(B118:F118) -> 635 | H118: =H12+H13+H14+H15 -> 0 | I118: =I12+I13+I14+I15 -> 0 | J118: =J12+J13+J14+J15 -> 0 | K118: =K12+K13+K14+K15 -> 0 | L118: =L12+L13+L14+L15 -> 8 | M118: =SUM(H118:K118) -> 0 | N118: =G118+M118 -> 635 | O118: =B118*1+C118*0.5+D118*1.5+E118*3+F118*4.5+H118*0.5+I118*1.5+J118*3+K118*4+L118*8 -> 804
A119: 0915 - 1015 | B119: =B13+B14+B15+B16 -> 562 | C119: =C13+C14+C15+C16 -> 61 | D119: =D13+D14+D15+D16 -> 18 | E119: =E13+E14+E15+E16 -> 7 | F119: =F13+F14+F15+F16 -> 30 | G119: =SUM(B119:F119) -> 678 | H119: =H13+H14+H15+H16 -> 0 | I119: =I13+I14+I15+I16 -> 0 | J119: =J13+J14+J15+J16 -> 0 | K119: =K13+K14+K15+K16 -> 0 | L119: =L13+L14+L15+L16 -> 5 | M119: =SUM(H119:K119) -> 0 | N119: =G119+M119 -> 678 | O119: =B119*1+C119*0.5+D119*1.5+E119*3+F119*4.5+H119*0.5+I119*1.5+J119*3+K119*4+L119*8 -> 815.5
A120: 0930 - 1030 | B120: =B14+B15+B16+B17 -> 585 | C120: =C14+C15+C16+C17 -> 80 | D120: =D14+D15+D16+D17 -> 18 | E120: =E14+E15+E16+E17 -> 13 | F120: =F14+F15+F16+F17 -> 27 | G120: =SUM(B120:F120) -> 723 | H120: =H14+H15+H16+H17 -> 0 | I120: =I14+I15+I16+I17 -> 0 | J120: =J14+J15+J16+J17 -> 0 | K120: =K14+K15+K16+K17 -> 0 | L120: =L14+L15+L16+L17 -> 5 | M120: =SUM(H120:K120) -> 0 | N120: =G120+M120 -> 723 | O120: =B120*1+C120*0.5+D120*1.5+E120*3+F120*4.5+H120*0.5+I120*1.5+J120*3+K120*4+L120*8 -> 852.5
A121: 0945 - 1045 | B121: =B15+B16+B17+B18 -> 586 | C121: =C15+C16+C17+C18 -> 80 | D121: =D15+D16+D17+D18 -> 14 | E121: =E15+E16+E17+E18 -> 16 | F121: =F15+F16+F17+F18 -> 19 | G121: =SUM(B121:F121) -> 715 | H121: =H15+H16+H17+H18 -> 0 | I121: =I15+I16+I17+I18 -> 0 | J121: =J15+J16+J17+J18 -> 0 | K121: =K15+K16+K17+K18 -> 0 | L121: =L15+L16+L17+L18 -> 4 | M121: =SUM(H121:K121) -> 0 | N121: =G121+M121 -> 715 | O121: =B121*1+C121*0.5+D121*1.5+E121*3+F121*4.5+H121*0.5+I121*1.5+J121*3+K121*4+L121*8 -> 812.5
A122: 1000 - 1100 | B122: =B16+B17+B18+B19 -> 627 | C122: =C16+C17+C18+C19 -> 86 | D122: =D16+D17+D18+D19 -> 21 | E122: =E16+E17+E18+E19 -> 16 | F122: =F16+F17+F18+F19 -> 21 | G122: =SUM(B122:F122) -> 771 | H122: =H16+H17+H18+H19 -> 0 | I122: =I16+I17+I18+I19 -> 0 | J122: =J16+J17+J18+J19 -> 0 | K122: =K16+K17+K18+K19 -> 0 | L122: =L16+L17+L18+L19 -> 2 | M122: =SUM(H122:K122) -> 0 | N122: =G122+M122 -> 771 | O122: =B122*1+C122*0.5+D122*1.5+E122*3+F122*4.5+H122*0.5+I122*1.5+J122*3+K122*4+L122*8 -> 860
A123: 1015 - 1115 | B123: =B17+B18+B19+B20 -> 630 | C123: =C17+C18+C19+C20 -> 97 | D123: =D17+D18+D19+D20 -> 25 | E123: =E17+E18+E19+E20 -> 17 | F123: =F17+F18+F19+F20 -> 24 | G123: =SUM(B123:F123) -> 793 | H123: =H17+H18+H19+H20 -> 0 | I123: =I17+I18+I19+I20 -> 0 | J123: =J17+J18+J19+J20 -> 0 | K123: =K17+K18+K19+K20 -> 0 | L123: =L17+L18+L19+L20 -> 2 | M123: =SUM(H123:K123) -> 0 | N123: =G123+M123 -> 793 | O123: =B123*1+C123*0.5+D123*1.5+E123*3+F123*4.5+H123*0.5+I123*1.5+J123*3+K123*4+L123*8 -> 891
A124: 1030 - 1130 | B124: =B18+B19+B20+B21 -> 655 | C124: =C18+C19+C20+C21 -> 125 | D124: =D18+D19+D20+D21 -> 27 | E124: =E18+E19+E20+E21 -> 13 | F124: =F18+F19+F20+F21 -> 36 | G124: =SUM(B124:F124) -> 856 | H124: =H18+H19+H20+H21 -> 0 | I124: =I18+I19+I20+I21 -> 0 | J124: =J18+J19+J20+J21 -> 0 | K124: =K18+K19+K20+K21 -> 0 | L124: =L18+L19+L20+L21 -> 2 | M124: =SUM(H124:K124) -> 0 | N124: =G124+M124 -> 856 | O124: =B124*1+C124*0.5+D124*1.5+E124*3+F124*4.5+H124*0.5+I124*1.5+J124*3+K124*4+L124*8 -> 975
A125: 1045 - 1145 | B125: =B19+B20+B21+B22 -> 680 | C125: =C19+C20+C21+C22 -> 128 | D125: =D19+D20+D21+D22 -> 31 | E125: =E19+E20+E21+E22 -> 9 | F125: =F19+F20+F21+F22 -> 42 | G125: =SUM(B125:F125) -> 890 | H125: =H19+H20+H21+H22 -> 0 | I125: =I19+I20+I21+I22 -> 0 | J125: =J19+J20+J21+J22 -> 0 | K125: =K19+K20+K21+K22 -> 0 | L125: =L19+L20+L21+L22 -> 2 | M125: =SUM(H125:K125) -> 0 | N125: =G125+M125 -> 890 | O125: =B125*1+C125*0.5+D125*1.5+E125*3+F125*4.5+H125*0.5+I125*1.5+J125*3+K125*4+L125*8 -> 1022.5
... A206: 0745 - 0845 | B206: =B100+B101+B102+B103 -> 413 | C206: =C100+C101+C102+C103 -> 117 | D206: =D100+D101+D102+D103 -> 23 | E206: =E100+E101+E102+E103 -> 11 | F206: =F100+F101+F102+F103 -> 52 | G206: =SUM(B206:F206) -> 616 | H206: =H100+H101+H102+H103 -> 0 | I206: =I100+I101+I102+I103 -> 0 | J206: =J100+J101+J102+J103 -> 0 | K206: =K100+K101+K102+K103 -> 0 | L206: =L100+L101+L102+L103 -> 1 | M206: =SUM(H206:K206) -> 0 | N206: =G206+M206 -> 616 | O206: =B206*1+C206*0.5+D206*1.5+E206*3+F206*4.5+H206*0.5+I206*1.5+J206*3+K206*4+L206*8 -> 781

Sheet V_11
A1: CLASSIFIED TRAFFIC VOLUME COUNT AT INTERSECTION
A2: Location Name : | B2: =Summary!B2 -> TMC-14 Number (D2)
A3: Location Code : | B3: =Summary!B3 -> D2
A4: Direction From : | B4: =Summary!F11 -> Mansarover | D4: To: | E4: =Summary!J11 -> Delhi | G4: Flyover | H4: V11+V14
A6: Time | B6: Car, Taxi, Tempo, Auto Rickshaw & Pick up | C6: Motar Cycle, Scooter | D6: Agriculture Tractor, LCV Mini Bus | E6: Three Wheeler (Auto) Axle Truck, Buses | F6: Tractor Trailor, Truck Trailor Units (3 Axle & MAV) | G6: Total Fast Vehicle | H6: Cycle | I6: Cycle Rickshaw | J6: Hand Cart | K6: Horse Drawn | L6: Bullock Corts | M6: Total Slow | N6: Grand Total (Nos.) | O6: Grand Total (PCU's)
R7: Under Flyover
A8: 0800-0815 | B8: =V_14!B8+V_11!R8 -> 100 | C8: =V_14!C8+V_11!S8 -> 113 | D8: =V_14!D8+V_11!T8 -> 9 | E8: =V_14!E8+V_11!U8 -> 10 | F8: =V_14!F8+V_11!V8 -> 30 | G8: =SUM(B8:F8) -> 262 | H8: =V_14!H8+V_11!X8 -> 4 | I8: =V_14!I8+V_11!Y8 -> 0 | J8: =V_14!J8+V_11!Z8 -> 0 | K8: =V_14!K8+V_11!AA8 -> 0 | L8: =V_14!L8+V_11!AB8 -> 5 | M8: =V_14!M8+V_11!AC8 -> 1 | N8: =G8+M8 -> 263 | O8: =B8*1+C8*0.5+D8*1.5+E8*3+F8*4.5+H8*0.5+I8*1.5+J8*3+K8*4+L8*8 -> 377 | R8: 4 | S8: 30 | T8: 0 | U8: 0 | V8: 0 | W8: =SUM(R8:V8) -> 34 | X8: 3 | Y8: 0 | Z8: 0 | AA8: 0 | AB8: 3 | AC8: 0
A9: 0815-0830 | B9: =V_14!B9+V_11!R9 -> 102 | C9: =V_14!C9+V_11!S9 -> 160 | D9: =V_14!D9+V_11!T9 -> 10 | E9: =V_14!E9+V_11!U9 -> 11 | F9: =V_14!F9+V_11!V9 -> 23 | G9: =SUM(B9:F9) -> 306 | H9: =V_14!H9+V_11!X9 -> 5 | I9: =V_14!I9+V_11!Y9 -> 0 | J9: =V_14!J9+V_11!Z9 -> 0 | K9: =V_14!K9+V_11!AA9 -> 0 | L9: =V_14!L9+V_11!AB9 -> 4 | M9: =V_14!M9+V_11!AC9 -> 0 | N9: =G9+M9 -> 306 | O9: =B9*1+C9*0.5+D9*1.5+E9*3+F9*4.5+H9*0.5+I9*1.5+J9*3+K9*4+L9*8 -> 368 | R9: 8 | S9: 38 | T9: 1 | U9: 0 | V9: 0 | W9: =SUM(R9:V9) -> 47 | X9: 4 | Y9: 0 | Z9: 0 | AA9: 0 | AB9: 3 | AC9: 0
A10: 0830-0845 | B10: =V_14!B10+V_11!R10 -> 111 | C10: =V_14!C10+V_11!S10 -> 209 | D10: =V_14!D10+V_11!T10 -> 7 | E10: =V_14!E10+V_11!U10 -> 12 | F10: =V_14!F10+V_11!V10 -> 18 | G10: =SUM(B10:F10) -> 357 | H10: =V_14!H10+V_11!X10 -> 6 | I10: =V_14!I10+V_11!Y10 -> 0 | J10: =V_14!J10+V_11!Z10 -> 0 | K10: =V_14!K10+V_11!AA10 -> 0 | L10: =V_14!L10+V_11!AB10 -> 3 | M10: =V_14!M10+V_11!AC10 -> 1 | N10: =G10+M10 -> 358 | O10: =B10*1+C10*0.5+D10*1.5+E10*3+F10*4.5+H10*0.5+I10*1.5+J10*3+K10*4+L10*8 -> 370 | R10: 12 | S10: 42 | T10: 1 | U10: 0 | V10: 0 | W10: =SUM(R10:V10) -> 55 | X10: 6 | Y10: 0 | Z10: 0 | AA10: 0 | AB10: 1 | AC10: 0
A11: 0845-0900 | B11: =V_14!B11+V_11!R11 -> 119 | C11: =V_14!C11+V_11!S11 -> 267 | D11: =V_14!D11+V_11!T11 -> 6 | E11: =V_14!E11+V_11!U11 -> 9 | F11: =V_14!F11+V_11!V11 -> 29 | G11: =SUM(B11:F11) -> 430 | H11: =V_14!H11+V_11!X11 -> 5 | I11: =V_14!I11+V_11!Y11 -> 0 | J11: =V_14!J11+V_11!Z11 -> 0 | K11: =V_14!K11+V_11!AA11 -> 0 | L11: =V_14!L11+V_11!AB11 -> 1 | M11: =V_14!M11+V_11!AC11 -> 0 | N11: =G11+M11 -> 430 | O11: =B11*1+C11*0.5+D11*1.5+E11*3+F11*4.5+H11*0.5+I11*1.5+J11*3+K11*4+L11*8 -> 429.5 | R11: 8 | S11: 51 | T11: 0 | U11: 0 | V11: 1 | W11: =SUM(R11:V11) -> 60 | X11: 5 | Y11: 0 | Z11: 0 | AA11: 0 | AB11: 0 | AC11: 0
A12: 0900-0915 | B12: =V_14!B12+V_11!R12 -> 155 | C12: =V_14!C12+V_11!S12 -> 250 | D12: =V_14!D12+V_11!T12 -> 12 | E12: =V_14!E12+V_11!U12 -> 11 | F12: =V_14!F12+V_11!V12 -> 32 | G12: =SUM(B12:F12) -> 460 | H12: =V_14!H12+V_11!X12 -> 5 | I12: =V_14!I12+V_11!Y12 -> 0 | J12: =V_14!J12+V_11!Z12 -> 0 | K12: =V_14!K12+V_11!AA12 -> 0 | L12: =V_14!L12+V_11!AB12 -> 6 | M12: =V_14!M12+V_11!AC12 -> 0 | N12: =G12+M12 -> 460 | O12: =B12*1+C12*0.5+D12*1.5+E12*3+F12*4.5+H12*0.5+I12*1.5+J12*3+K12*4+L12*8 -> 525.5 | R12: 6 | S12: 55 | T12: 0 | U12: 0 | V12: 0 | W12: =SUM(R12:V12) -> 61 | X12: 4 | Y12: 0 | Z12: 0 | AA12: 0 | AB12: 2 | AC12: 0
A13: 0915-0930 | B13: =V_14!B13+V_11!R13 -> 89 | C13: =V_14!C13+V_11!S13 -> 182 | D13: =V_14!D13+V_11!T13 -> 8 | E13: =V_14!E13+V_11!U13 -> 8 | F13: =V_14!F13+V_11!V13 -> 12 | G13: =SUM(B13:F13) -> 299 | H13: =V_14!H13+V_11!X13 -> 4 | I13: =V_14!I13+V_11!Y13 -> 0 | J13: =V_14!J13+V_11!Z13 -> 0 | K13: =V_14!K13+V_11!AA13 -> 0 | L13: =V_14!L13+V_11!AB13 -> 2 | M13: =V_14!M13+V_11!AC13 -> 0 | N13: =G13+M13 -> 299 | O13: =B13*1+C13*0.5+D13*1.5+E13*3+F13*4.5+H13*0.5+I13*1.5+J13*3+K13*4+L13*8 -> 288 | R13: 11 | S13: 46 | T13: 0 | U13: 0 | V13: 1 | W13: =SUM(R13:V13) -> 58 | X13: 4 | Y13: 0 | Z13: 0 | AA13: 0 | AB13: 1 | AC13: 0
A14: 0930-0945 | B14: =V_14!B14+V_11!R14 -> 127 | C14: =V_14!C14+V_11!S14 -> 224 | D14: =V_14!D14+V_11!T14 -> 12 | E14: =V_14!E14+V_11!U14 -> 7 | F14: =V_14!F14+V_11!V14 -> 26 | G14: =SUM(B14:F14) -> 396 | H14: =V_14!H14+V_11!X14 -> 3 | I14: =V_14!I14+V_11!Y14 -> 0 | J14: =V_14!J14+V_11!Z14 -> 0 | K14: =V_14!K14+V_11!AA14 -> 0 | L14: =V_14!L14+V_11!AB14 -> 2 | M14: =V_14!M14+V_11!AC14 -> 0 | N14: =G14+M14 -> 396 | O14: =B14*1+C14*0.5+D14*1.5+E14*3+F14*4.5+H14*0.5+I14*1.5+J14*3+K14*4+L14*8 -> 412.5 | R14: 13 | S14: 46 | T14: 2 | U14: 0 | V14: 3 | W14: =SUM(R14:V14) -> 64 | X14: 3 | Y14: 0 | Z14: 0 | AA14: 0 | AB14: 1 | AC14: 0
A15: 0945-1000 | B15: =V_14!B15+V_11!R15 -> 139 | C15: =V_14!C15+V_11!S15 -> 205 | D15: =V_14!D15+V_11!T15 -> 17 | E15: =V_14!E15+V_11!U15 -> 8 | F15: =V_14!F15+V_11!V15 -> 18 | G15: =SUM(B15:F15) -> 387 | H15: =V_14!H15+V_11!X15 -> 0 | I15: =V_14!I15+V_11!Y15 -> 0 | J15: =V_14!J15+V_11!Z15 -> 0 | K15: =V_14!K15+V_11!AA15 -> 0 | L15: =V_14!L15+V_11!AB15 -> 1 | M15: =V_14!M15+V_11!AC15 -> 0 | N15: =G15+M15 -> 387 | O15: =B15*1+C15*0.5+D15*1.5+E15*3+F15*4.5+H15*0.5+I15*1.5+J15*3+K15*4+L15*8 -> 380 | R15: 9 | S15: 42 | T15: 0 | U15: 0 | V15: 0 | W15: =SUM(R15:V15) -> 51 | X15: 0 | Y15: 0 | Z15: 0 | AA15: 0 | AB15: 1 | AC15: 0
A16: 1000-1015 | B16: =V_14!B16+V_11!R16 -> 124 | C16: =V_14!C16+V_11!S16 -> 169 | D16: =V_14!D16+V_11!T16 -> 9 | E16: =V_14!E16+V_11!U16 -> 5 | F16: =V_14!F16+V_11!V16 -> 25 | G16: =SUM(B16:F16) -> 332 | H16: =V_14!H16+V_11!X16 -> 3 | I16: =V_14!I16+V_11!Y16 -> 0 | J16: =V_14!J16+V_11!Z16 -> 0 | K16: =V_14!K16+V_11!AA16 -> 0 | L16: =V_14!L16+V_11!AB16 -> 0 | M16: =V_14!M16+V_11!AC16 -> 0 | N16: =G16+M16 -> 332 | O16: =B16*1+C16*0.5+D16*1.5+E16*3+F16*4.5+H16*0.5+I16*1.5+J16*3+K16*4+L16*8 -> 351 | R16: 14 | S16: 29 | T16: 1 | U16: 0 | V16: 0 | W16: =SUM(R16:V16) -> 44 | X16: 3 | Y16: 0 | Z16: 0 | AA16: 0 | AB16: 0 | AC16: 0
A17: 1015-1030 | B17: =V_14!B17+V_11!R17 -> 173 | C17: =V_14!C17+V_11!S17 -> 174 | D17: =V_14!D17+V_11!T17 -> 17 | E17: =V_14!E17+V_11!U17 -> 10 | F17: =V_14!F17+V_11!V17 -> 21 | G17: =SUM(B17:F17) -> 395 | H17: =V_14!H17+V_11!X17 -> 0 | I17: =V_14!I17+V_11!Y17 -> 0 | J17: =V_14!J17+V_11!Z17 -> 0 | K17: =V_14!K17+V_11!AA17 -> 0 | L17: =V_14!L17+V_11!AB17 -> 0 | M17: =V_14!M17+V_11!AC17 -> 0 | N17: =G17+M17 -> 395 | O17: =B17*1+C17*0.5+D17*1.5+E17*3+F17*4.5+H17*0.5+I17*1.5+J17*3+K17*4+L17*8 -> 410 | R17: 15 | S17: 48 | T17: 1 | U17: 0 | V17: 0 | W17: =SUM(R17:V17) -> 64 | X17: 0 | Y17: 0 | Z17: 0 | AA17: 0 | AB17: 0 | AC17: 0
A18: 1030-1045 | B18: =V_14!B18+V_11!R18 -> 173 | C18: =V_14!C18+V_11!S18 -> 146 | D18: =V_14!D18+V_11!T18 -> 14 | E18: =V_14!E18+V_11!U18 -> 11 | F18: =V_14!F18+V_11!V18 -> 15 | G18: =SUM(B18:F18) -> 359 | H18: =V_14!H18+V_11!X18 -> 1 | I18: =V_14!I18+V_11!Y18 -> 0 | J18: =V_14!J18+V_11!Z18 -> 0 | K18: =V_14!K18+V_11!AA18 -> 0 | L18: =V_14!L18+V_11!AB18 -> 1 | M18: =V_14!M18+V_11!AC18 -> 0 | N18: =G18+M18 -> 359 | O18: =B18*1+C18*0.5+D18*1.5+E18*3+F18*4.5+H18*0.5+I18*1.5+J18*3+K18*4+L18*8 -> 376 | R18: 16 | S18: 27 | T18: 0 | U18: 0 | V18: 0 | W18: =SUM(R18:V18) -> 43 | X18: 1 | Y18: 0 | Z18: 0 | AA18: 0 | AB18: 0 | AC18: 0
A19: 1045-1100 | B19: =V_14!B19+V_11!R19 -> 158 | C19: =V_14!C19+V_11!S19 -> 142 | D19: =V_14!D19+V_11!T19 -> 16 | E19: =V_14!E19+V_11!U19 -> 9 | F19: =V_14!F19+V_11!V19 -> 26 | G19: =SUM(B19:F19) -> 351 | H19: =V_14!H19+V_11!X19 -> 0 | I19: =V_14!I19+V_11!Y19 -> 0 | J19: =V_14!J19+V_11!Z19 -> 0 | K19: =V_14!K19+V_11!AA19 -> 0 | L19: =V_14!L19+V_11!AB19 -> 0 | M19: =V_14!M19+V_11!AC19 -> 0 | N19: =G19+M19 -> 351 | O19: =B19*1+C19*0.5+D19*1.5+E19*3+F19*4.5+H19*0.5+I19*1.5+J19*3+K19*4+L19*8 -> 397 | R19: 13 | S19: 47 | T19: 1 | U19: 0 | V19: 0 | W19: =SUM(R19:V19) -> 61 | X19: 0 | Y19: 0 | Z19: 0 | AA19: 0 | AB19: 0 | AC19: 0
... A103: 0745-0800 | B103: =V_14!B103+V_11!R103 -> 64 | C103: =V_14!C103+V_11!S103 -> 74 | D103: =V_14!D103+V_11!T103 -> 16 | E103: =V_14!E103+V_11!U103 -> 9 | F103: =V_14!F103+V_11!V103 -> 15 | G103: =SUM(B103:F103) -> 178 | H103: =V_14!H103+V_11!X103 -> 5 | I103: =V_14!I103+V_11!Y103 -> 0 | J103: =V_14!J103+V_11!Z103 -> 0 | K103: =V_14!K103+V_11!AA103 -> 0 | L103: =V_14!L103+V_11!AB103 -> 0 | M103: =V_14!M103+V_11!AC103 -> 0 | N103: =G103+M103 -> 178 | O103: =B103*1+C103*0.5+D103*1.5+E103*3+F103*4.5+H103*0.5+I103*1.5+J103*3+K103*4+L103*8 -> 222 | R103: 3 | S103: 25 | T103: 1 | U103: 0 | V103: 0 | W103: =SUM(R103:V103) -> 29 | X103: 5 | Y103: 0 | Z103: 0 | AA103: 0 | AB103: 0 | AC103: 0
A104: Total (Veh.) | B104: =SUM(B8:B103) -> 7644 | C104: =SUM(C8:C103) -> 6628 | D104: =SUM(D8:D103) -> 1174 | E104: =SUM(E8:E103) -> 846 | F104: =SUM(F8:F103) -> 2709 | G104: =SUM(G8:G103) -> 19001 | H104: =SUM(H8:H103) -> 79 | I104: =SUM(I8:I103) -> 0 | ... O104: =SUM(O8:O103) -> 28001
A105: Total (PCUs) | B105: =+B104*1 -> 7644 | C105: =+C104*0.5 -> 3314 | D105: =+D104*1.5 -> 1761 | E105: =+E104*3 -> 2538 | F105: =+F104*4.5 -> 12190.5 | G105: =SUM(B105:F105) -> 27447.5 | H105: =+H104*0.5 -> 39.5 | I105: =+I104*1.5 -> 0 | J105: =+J104*3 -> 18 | K105: =+K104*4 -> 0 | L105: =+L104*8 -> 496 | M105: =SUM(H105:L105) -> 553.5 | O105: =G105+M105 -> 28001
A106: Composition | B106: =B104/$N$104 -> 0.40225228 | C106: =C104/$N$104 -> 0.34878703 | D106: =D104/$N$104 -> 0.061779719 | E106: =E104/$N$104 -> 0.044519286 | F106: =F104/$N$104 -> 0.14255644 | G106: =G104/$N$104 -> 0.99989475 | H106: =H104/$N$104 -> 0.0041572383 | I106: =I104/$N$104 -> 0 | ... N106: =N104/$N$104 -> 1
A108: Location Name : | B108: =B2 -> TMC-14 Number (D2)
A109: Location Code : | B109: =B3 -> D2
A110: Direction From : | B110: =B4 -> Mansarover | D110: =D4 -> To:
A112: Time | B112: Car, Taxi, Tempo, Auto Rickshaw & Pick up | C112: Motar Cycle, Scooter | D112: Agriculture Tractor, LCV Mini Bus | E112: Three Wheeler (Auto) Axle Truck, Buses | F112: Tractor Trailor, Truck Trailor Units (3 Axle & MAV) | G112: Total Fast Vehicle | H112: Cycle | I112: Cycle Rickshaw | J112: Hand Cart | K112: Horse Drawn | L112: Bullock Corts | M112: Total Slow | N112: Grand Total (Nos.) | O112: Grand Total (PCU's)
A114: 0800 - 0900 | B114: =B8+B9+B10+B11 -> 432 | C114: =C8+C9+C10+C11 -> 749 | D114: =D8+D9+D10+D11 -> 32 | E114: =E8+E9+E10+E11 -> 42 | F114: =F8+F9+F10+F11 -> 100 | G114: =SUM(B114:F114) -> 1355 | H114: =H8+H9+H10+H11 -> 20 | I114: =I8+I9+I10+I11 -> 0 | J114: =J8+J9+J10+J11 -> 0 | K114: =K8+K9+K10+K11 -> 0 | L114: =L8+L9+L10+L11 -> 13 | M114: =SUM(H114:K114) -> 20 | N114: =G114+M114 -> 1375 | O114: =B114*1+C114*0.5+D114*1.5+E114*3+F114*4.5+H114*0.5+I114*1.5+J114*3+K114*4+L114*8 -> 1544.5
A115: 0815 - 0915 | B115: =B9+B10+B11+B12 -> 487 | C115: =C9+C10+C11+C12 -> 886 | D115: =D9+D10+D11+D12 -> 35 | E115: =E9+E10+E11+E12 -> 43 | F115: =F9+F10+F11+F12 -> 102 | G115: =SUM(B115:F115) -> 1553 | H115: =H9+H10+H11+H12 -> 21 | I115: =I9+I10+I11+I12 -> 0 | J115: =J9+J10+J11+J12 -> 0 | K115: =K9+K10+K11+K12 -> 0 | L115: =L9+L10+L11+L12 -> 14 | M115: =SUM(H115:K115) -> 21 | N115: =G115+M115 -> 1574 | O115: =B115*1+C115*0.5+D115*1.5+E115*3+F115*4.5+H115*0.5+I115*1.5+J115*3+K115*4+L115*8 -> 1693
A116: 0830 - 0930 | B116: =B10+B11+B12+B13 -> 474 | C116: =C10+C11+C12+C13 -> 908 | D116: =D10+D11+D12+D13 -> 33 | E116: =E10+E11+E12+E13 -> 40 | F116: =F10+F11+F12+F13 -> 91 | G116: =SUM(B116:F116) -> 1546 | H116: =H10+H11+H12+H13 -> 20 | I116: =I10+I11+I12+I13 -> 0 | J116: =J10+J11+J12+J13 -> 0 | K116: =K10+K11+K12+K13 -> 0 | L116: =L10+L11+L12+L13 -> 12 | M116: =SUM(H116:K116) -> 20 | N116: =G116+M116 -> 1566 | O116: =B116*1+C116*0.5+D116*1.5+E116*3+F116*4.5+H116*0.5+I116*1.5+J116*3+K116*4+L116*8 -> 1613
A117: 0845 - 0945 | B117: =B11+B12+B13+B14 -> 490 | C117: =C11+C12+C13+C14 -> 923 | D117: =D11+D12+D13+D14 -> 38 | E117: =E11+E12+E13+E14 -> 35 | F117: =F11+F12+F13+F14 -> 99 | G117: =SUM(B117:F117) -> 1585 | H117: =H11+H12+H13+H14 -> 17 | I117: =I11+I12+I13+I14 -> 0 | J117: =J11+J12+J13+J14 -> 0 | K117: =K11+K12+K13+K14 -> 0 | L117: =L11+L12+L13+L14 -> 11 | M117: =SUM(H117:K117) -> 17 | N117: =G117+M117 -> 1602 | O117: =B117*1+C117*0.5+D117*1.5+E117*3+F117*4.5+H117*0.5+I117*1.5+J117*3+K117*4+L117*8 -> 1655.5
A118: 0900 - 1000 | B118: =B12+B13+B14+B15 -> 510 | C118: =C12+C13+C14+C15 -> 861 | D118: =D12+D13+D14+D15 -> 49 | E118: =E12+E13+E14+E15 -> 34 | F118: =F12+F13+F14+F15 -> 88 | G118: =SUM(B118:F118) -> 1542 | H118: =H12+H13+H14+H15 -> 12 | I118: =I12+I13+I14+I15 -> 0 | J118: =J12+J13+J14+J15 -> 0 | K118: =K12+K13+K14+K15 -> 0 | L118: =L12+L13+L14+L15 -> 11 | M118: =SUM(H118:K118) -> 12 | N118: =G118+M118 -> 1554 | O118: =B118*1+C118*0.5+D118*1.5+E118*3+F118*4.5+H118*0.5+I118*1.5+J118*3+K118*4+L118*8 -> 1606
A119: 0915 - 1015 | B119: =B13+B14+B15+B16 -> 479 | C119: =C13+C14+C15+C16 -> 780 | D119: =D13+D14+D15+D16 -> 46 | E119: =E13+E14+E15+E16 -> 28 | F119: =F13+F14+F15+F16 -> 81 | G119: =SUM(B119:F119) -> 1414 | H119: =H13+H14+H15+H16 -> 10 | I119: =I13+I14+I15+I16 -> 0 | J119: =J13+J14+J15+J16 -> 0 | K119: =K13+K14+K15+K16 -> 0 | L119: =L13+L14+L15+L16 -> 5 | M119: =SUM(H119:K119) -> 10 | N119: =G119+M119 -> 1424 | O119: =B119*1+C119*0.5+D119*1.5+E119*3+F119*4.5+H119*0.5+I119*1.5+J119*3+K119*4+L119*8 -> 1431.5
A120: 0930 - 1030 | B120: =B14+B15+B16+B17 -> 563 | C120: =C14+C15+C16+C17 -> 772 | D120: =D14+D15+D16+D17 -> 55 | E120: =E14+E15+E16+E17 -> 30 | F120: =F14+F15+F16+F17 -> 90 | G120: =SUM(B120:F120) -> 1510 | H120: =H14+H15+H16+H17 -> 6 | I120: =I14+I15+I16+I17 -> 0 | J120: =J14+J15+J16+J17 -> 0 | K120: =K14+K15+K16+K17 -> 0 | L120: =L14+L15+L16+L17 -> 3 | M120: =SUM(H120:K120) -> 6 | N120: =G120+M120 -> 1516 | O120: =B120*1+C120*0.5+D120*1.5+E120*3+F120*4.5+H120*0.5+I120*1.5+J120*3+K120*4+L120*8 -> 1553.5
A121: 0945 - 1045 | B121: =B15+B16+B17+B18 -> 609 | C121: =C15+C16+C17+C18 -> 694 | D121: =D15+D16+D17+D18 -> 57 | E121: =E15+E16+E17+E18 -> 34 | F121: =F15+F16+F17+F18 -> 79 | G121: =SUM(B121:F121) -> 1473 | H121: =H15+H16+H17+H18 -> 4 | I121: =I15+I16+I17+I18 -> 0 | J121: =J15+J16+J17+J18 -> 0 | K121: =K15+K16+K17+K18 -> 0 | L121: =L15+L16+L17+L18 -> 2 | M121: =SUM(H121:K121) -> 4 | N121: =G121+M121 -> 1477 | O121: =B121*1+C121*0.5+D121*1.5+E121*3+F121*4.5+H121*0.5+I121*1.5+J121*3+K121*4+L121*8 -> 1517
A122: 1000 - 1100 | B122: =B16+B17+B18+B19 -> 628 | C122: =C16+C17+C18+C19 -> 631 | D122: =D16+D17+D18+D19 -> 56 | E122: =E16+E17+E18+E19 -> 35 | F122: =F16+F17+F18+F19 -> 87 | G122: =SUM(B122:F122) -> 1437 | H122: =H16+H17+H18+H19 -> 4 | I122: =I16+I17+I18+I19 -> 0 | J122: =J16+J17+J18+J19 -> 0 | K122: =K16+K17+K18+K19 -> 0 | L122: =L16+L17+L18+L19 -> 1 | M122: =SUM(H122:K122) -> 4 | N122: =G122+M122 -> 1441 | O122: =B122*1+C122*0.5+D122*1.5+E122*3+F122*4.5+H122*0.5+I122*1.5+J122*3+K122*4+L122*8 -> 1534
A123: 1015 - 1115 | B123: =B17+B18+B19+B20 -> 639 | C123: =C17+C18+C19+C20 -> 591 | D123: =D17+D18+D19+D20 -> 56 | E123: =E17+E18+E19+E20 -> 38 | F123: =F17+F18+F19+F20 -> 88 | G123: =SUM(B123:F123) -> 1412 | H123: =H17+H18+H19+H20 -> 1 | I123: =I17+I18+I19+I20 -> 0 | J123: =J17+J18+J19+J20 -> 0 | K123: =K17+K18+K19+K20 -> 0 | L123: =L17+L18+L19+L20 -> 1 | M123: =SUM(H123:K123) -> 1 | N123: =G123+M123 -> 1413 | O123: =B123*1+C123*0.5+D123*1.5+E123*3+F123*4.5+H123*0.5+I123*1.5+J123*3+K123*4+L123*8 -> 1537
A124: 1030 - 1130 | B124: =B18+B19+B20+B21 -> 623 | C124: =C18+C19+C20+C21 -> 550 | D124: =D18+D19+D20+D21 -> 50 | E124: =E18+E19+E20+E21 -> 36 | F124: =F18+F19+F20+F21 -> 99 | G124: =SUM(B124:F124) -> 1358 | H124: =H18+H19+H20+H21 -> 2 | I124: =I18+I19+I20+I21 -> 0 | J124: =J18+J19+J20+J21 -> 0 | K124: =K18+K19+K20+K21 -> 0 | L124: =L18+L19+L20+L21 -> 2 | M124: =SUM(H124:K124) -> 2 | N124: =G124+M124 -> 1360 | O124: =B124*1+C124*0.5+D124*1.5+E124*3+F124*4.5+H124*0.5+I124*1.5+J124*3+K124*4+L124*8 -> 1543.5
A125: 1045 - 1145 | B125: =B19+B20+B21+B22 -> 590 | C125: =C19+C20+C21+C22 -> 505 | D125: =D19+D20+D21+D22 -> 48 | E125: =E19+E20+E21+E22 -> 32 | F125: =F19+F20+F21+F22 -> 109 | G125: =SUM(B125:F125) -> 1284 | H125: =H19+H20+H21+H22 -> 1 | I125: =I19+I20+I21+I22 -> 0 | J125: =J19+J20+J21+J22 -> 0 | K125: =K19+K20+K21+K22 -> 0 | L125: =L19+L20+L21+L22 -> 3 | M125: =SUM(H125:K125) -> 1 | N125: =G125+M125 -> 1285 | O125: =B125*1+C125*0.5+D125*1.5+E125*3+F125*4.5+H125*0.5+I125*1.5+J125*3+K125*4+L125*8 -> 1525.5
... A206: 0745 - 0845 | B206: =B100+B101+B102+B103 -> 222 | C206: =C100+C101+C102+C103 -> 263 | D206: =D100+D101+D102+D103 -> 51 | E206: =E100+E101+E102+E103 -> 44 | F206: =F100+F101+F102+F103 -> 83 | G206: =SUM(B206:F206) -> 663 | H206: =H100+H101+H102+H103 -> 16 | I206: =I100+I101+I102+I103 -> 0 | J206: =J100+J101+J102+J103 -> 0 | K206: =K100+K101+K102+K103 -> 0 | L206: =L100+L101+L102+L103 -> 3 | M206: =SUM(H206:K206) -> 16 | N206: =G206+M206 -> 679 | O206: =B206*1+C206*0.5+D206*1.5+E206*3+F206*4.5+H206*0.5+I206*1.5+J206*3+K206*4+L206*8 -> 967.5

Sheet V_12
A1: CLASSIFIED TRAFFIC VOLUME COUNT AT INTERSECTION
A2: Location Name : | B2: =Summary!B2 -> TMC-14 Number (D2)
A3: Location Code : | B3: =Summary!B3 -> D2
A4: Direction From : | B4: =Summary!F11 -> Mansarover | D4: To: | E4: =Summary!H16 -> Chomu Pulia
A6: Time | B6: Car, Taxi, Tempo, Auto Rickshaw & Pick up | C6: Motar Cycle, Scooter | D6: Agriculture Tractor, LCV Mini Bus | E6: Three Wheeler (Auto) Axle Truck, Buses | F6: Tractor Trailor, Truck Trailor Units (3 Axle & MAV) | G6: Total Fast Vehicle | H6: Cycle | I6: Cycle Rickshaw | J6: Hand Cart | K6: Horse Drawn | L6: Bullock Corts | M6: Total Slow | N6: Grand Total (Nos.) | O6: Grand Total (PCU's)
A8: 0800-0815 | B8: 88 | C8: 81 | D8: 0 | E8: 1 | F8: 3 | G8: =SUM(B8:F8) -> 173 | H8: 0 | I8: 0 | J8: 0 | K8: 0 | L8: 2 | M8: 0 | N8: =G8+M8 -> 173 | O8: =B8*1+C8*0.5+D8*1.5+E8*3+F8*4.5+H8*0.5+I8*1.5+J8*3+K8*4+L8*8 -> 161
A9: 0815-0830 | B9: 77 | C9: 56 | D9: 0 | E9: 1 | F9: 3 | G9: =SUM(B9:F9) -> 137 | H9: 1 | I9: 0 | J9: 0 | K9: 0 | L9: 5 | M9: 0 | N9: =G9+M9 -> 137 | O9: =B9*1+C9*0.5+D9*1.5+E9*3+F9*4.5+H9*0.5+I9*1.5+J9*3+K9*4+L9*8 -> 162
A10: 0830-0845 | B10: 69 | C10: 89 | D10: 7 | E10: 1 | F10: 8 | G10: =SUM(B10:F10) -> 174 | H10: 1 | I10: 0 | J10: 0 | K10: 0 | L10: 5 | M10: 0 | N10: =G10+M10 -> 174 | O10: =B10*1+C10*0.5+D10*1.5+E10*3+F10*4.5+H10*0.5+I10*1.5+J10*3+K10*4+L10*8 -> 203.5
A11: 0845-0900 | B11: 106 | C11: 106 | D11: 4 | E11: 1 | F11: 4 | G11: =SUM(B11:F11) -> 221 | H11: 0 | I11: 0 | J11: 0 | K11: 0 | L11: 8 | M11: 0 | N11: =G11+M11 -> 221 | O11: =B11*1+C11*0.5+D11*1.5+E11*3+F11*4.5+H11*0.5+I11*1.5+J11*3+K11*4+L11*8 -> 250
A12: 0900-0915 | B12: 139 | C12: 111 | D12: 2 | E12: 0 | F12: 3 | G12: =SUM(B12:F12) -> 255 | H12: 0 | I12: 0 | J12: 0 | K12: 0 | L12: 8 | M12: 0 | N12: =G12+M12 -> 255 | O12: =B12*1+C12*0.5+D12*1.5+E12*3+F12*4.5+H12*0.5+I12*1.5+J12*3+K12*4+L12*8 -> 275
A13: 0915-0930 | B13: 141 | C13: 161 | D13: 3 | E13: 1 | F13: 4 | G13: =SUM(B13:F13) -> 310 | H13: 0 | I13: 0 | J13: 0 | K13: 0 | L13: 10 | M13: 0 | N13: =G13+M13 -> 310 | O13: =B13*1+C13*0.5+D13*1.5+E13*3+F13*4.5+H13*0.5+I13*1.5+J13*3+K13*4+L13*8 -> 327
A14: 0930-0945 | B14: 239 | C14: 229 | D14: 5 | E14: 0 | F14: 6 | G14: =SUM(B14:F14) -> 479 | H14: 2 | I14: 0 | J14: 0 | K14: 0 | L14: 4 | M14: 0 | N14: =G14+M14 -> 479 | O14: =B14*1+C14*0.5+D14*1.5+E14*3+F14*4.5+H14*0.5+I14*1.5+J14*3+K14*4+L14*8 -> 421
A15: 0945-1000 | B15: 218 | C15: 170 | D15: 6 | E15: 1 | F15: 1 | G15: =SUM(B15:F15) -> 396 | H15: 0 | I15: 0 | J15: 0 | K15: 0 | L15: 0 | M15: 0 | N15: =G15+M15 -> 396 | O15: =B15*1+C15*0.5+D15*1.5+E15*3+F15*4.5+H15*0.5+I15*1.5+J15*3+K15*4+L15*8 -> 319.5
A16: 1000-1015 | B16: 220 | C16: 196 | D16: 3 | E16: 1 | F16: 4 | G16: =SUM(B16:F16) -> 424 | H16: 0 | I16: 0 | J16: 0 | K16: 0 | L16: 2 | M16: 0 | N16: =G16+M16 -> 424 | O16: =B16*1+C16*0.5+D16*1.5+E16*3+F16*4.5+H16*0.5+I16*1.5+J16*3+K16*4+L16*8 -> 359.5
A17: 1015-1030 | B17: 169 | C17: 136 | D17: 2 | E17: 2 | F17: 5 | G17: =SUM(B17:F17) -> 314 | H17: 0 | I17: 0 | J17: 0 | K17: 0 | L17: 2 | M17: 0 | N17: =G17+M17 -> 314 | O17: =B17*1+C17*0.5+D17*1.5+E17*3+F17*4.5+H17*0.5+I17*1.5+J17*3+K17*4+L17*8 -> 284.5
A18: 1030-1045 | B18: 165 | C18: 153 | D18: 4 | E18: 1 | F18: 6 | G18: =SUM(B18:F18) -> 329 | H18: 0 | I18: 0 | J18: 0 | K18: 0 | L18: 1 | M18: 0 | N18: =G18+M18 -> 329 | O18: =B18*1+C18*0.5+D18*1.5+E18*3+F18*4.5+H18*0.5+I18*1.5+J18*3+K18*4+L18*8 -> 285.5
A19: 1045-1100 | B19: 148 | C19: 134 | D19: 5 | E19: 0 | F19: 5 | G19: =SUM(B19:F19) -> 292 | H19: 0 | I19: 0 | J19: 0 | K19: 0 | L19: 3 | M19: 0 | N19: =G19+M19 -> 292 | O19: =B19*1+C19*0.5+D19*1.5+E19*3+F19*4.5+H19*0.5+I19*1.5+J19*3+K19*4+L19*8 -> 269
... A103: 0745-0800 | B103: 36 | C103: 37 | D103: 2 | E103: 3 | F103: 1 | G103: =SUM(B103:F103) -> 79 | H103: 0 | I103: 0 | J103: 0 | K103: 0 | L103: 2 | M103: 0 | N103: =G103+M103 -> 79 | O103: =B103*1+C103*0.5+D103*1.5+E103*3+F103*4.5+H103*0.5+I103*1.5+J103*3+K103*4+L103*8 -> 87
A104: Total (Veh.) | B104: =SUM(B8:B103) -> 7190 | C104: =SUM(C8:C103) -> 4212 | D104: =SUM(D8:D103) -> 358 | E104: =SUM(E8:E103) -> 133 | F104: =SUM(F8:F103) -> 365 | G104: =SUM(G8:G103) -> 12258 | H104: =SUM(H8:H103) -> 6 | I104: =SUM(I8:I103) -> 0 | ... O104: =SUM(O8:O103) -> 13158.5
A105: Total (PCUs) | B105: =+B104*1 -> 7190 | C105: =+C104*0.5 -> 2106 | D105: =+D104*1.5 -> 537 | E105: =+E104*3 -> 399 | F105: =+F104*4.5 -> 1642.5 | G105: =SUM(B105:F105) -> 11874.5 | H105: =+H104*0.5 -> 3 | I105: =+I104*1.5 -> 0 | J105: =+J104*3 -> 9 | K105: =+K104*4 -> 0 | L105: =+L104*8 -> 1272 | M105: =SUM(H105:L105) -> 1284 | O105: =G105+M105 -> 13158.5
A106: Composition | B106: =B104/$N$104 -> 0.58636438 | C106: =C104/$N$104 -> 0.34350024 | D106: =D104/$N$104 -> 0.02919589 | E106: =E104/$N$104 -> 0.010846518 | F106: =F104/$N$104 -> 0.029766759 | G106: =G104/$N$104 -> 0.99967379 | H106: =H104/$N$104 -> 0.00048931659 | I106: =I104/$N$104 -> 0 | ... N106: =N104/$N$104 -> 1
A108: Location Name : | B108: =B2 -> TMC-14 Number (D2)
A109: Location Code : | B109: =B3 -> D2
A110: Direction From : | B110: =B4 -> Mansarover | D110: =D4 -> To:
A112: Time | B112: Car, Taxi, Tempo, Auto Rickshaw & Pick up | C112: Motar Cycle, Scooter | D112: Agriculture Tractor, LCV Mini Bus | E112: Three Wheeler (Auto) Axle Truck, Buses | F112: Tractor Trailor, Truck Trailor Units (3 Axle & MAV) | G112: Total Fast Vehicle | H112: Cycle | I112: Cycle Rickshaw | J112: Hand Cart | K112: Horse Drawn | L112: Bullock Corts | M112: Total Slow | N112: Grand Total (Nos.) | O112: Grand Total (PCU's)
A114: 0800 - 0900 | B114: =B8+B9+B10+B11 -> 340 | C114: =C8+C9+C10+C11 -> 332 | D114: =D8+D9+D10+D11 -> 11 | E114: =E8+E9+E10+E11 -> 4 | F114: =F8+F9+F10+F11 -> 18 | G114: =SUM(B114:F114) -> 705 | H114: =H8+H9+H10+H11 -> 2 | I114: =I8+I9+I10+I11 -> 0 | J114: =J8+J9+J10+J11 -> 0 | K114: =K8+K9+K10+K11 -> 0 | L114: =L8+L9+L10+L11 -> 20 | M114: =SUM(H114:K114) -> 2 | N114: =G114+M114 -> 707 | O114: =B114*1+C114*0.5+D114*1.5+E114*3+F114*4.5+H114*0.5+I114*1.5+J114*3+K114*4+L114*8 -> 776.5
A115: 0815 - 0915 | B115: =B9+B10+B11+B12 -> 391 | C115: =C9+C10+C11+C12 -> 362 | D115: =D9+D10+D11+D12 -> 13 | E115: =E9+E10+E11+E12 -> 3 | F115: =F9+F10+F11+F12 -> 18 | G115: =SUM(B115:F115) -> 787 | H115: =H9+H10+H11+H12 -> 2 | I115: =I9+I10+I11+I12 -> 0 | J115: =J9+J10+J11+J12 -> 0 | K115: =K9+K10+K11+K12 -> 0 | L115: =L9+L10+L11+L12 -> 26 | M115: =SUM(H115:K115) -> 2 | N115: =G115+M115 -> 789 | O115: =B115*1+C115*0.5+D115*1.5+E115*3+F115*4.5+H115*0.5+I115*1.5+J115*3+K115*4+L115*8 -> 890.5
A116: 0830 - 0930 | B116: =B10+B11+B12+B13 -> 455 | C116: =C10+C11+C12+C13 -> 467 | D116: =D10+D11+D12+D13 -> 16 | E116: =E10+E11+E12+E13 -> 3 | F116: =F10+F11+F12+F13 -> 19 | G116: =SUM(B116:F116) -> 960 | H116: =H10+H11+H12+H13 -> 1 | I116: =I10+I11+I12+I13 -> 0 | J116: =J10+J11+J12+J13 -> 0 | K116: =K10+K11+K12+K13 -> 0 | L116: =L10+L11+L12+L13 -> 31 | M116: =SUM(H116:K116) -> 1 | N116: =G116+M116 -> 961 | O116: =B116*1+C116*0.5+D116*1.5+E116*3+F116*4.5+H116*0.5+I116*1.5+J116*3+K116*4+L116*8 -> 1055.5
A117: 0845 - 0945 | B117: =B11+B12+B13+B14 -> 625 | C117: =C11+C12+C13+C14 -> 607 | D117: =D11+D12+D13+D14 -> 14 | E117: =E11+E12+E13+E14 -> 2 | F117: =F11+F12+F13+F14 -> 17 | G117: =SUM(B117:F117) -> 1265 | H117: =H11+H12+H13+H14 -> 2 | I117: =I11+I12+I13+I14 -> 0 | J117: =J11+J12+J13+J14 -> 0 | K117: =K11+K12+K13+K14 -> 0 | L117: =L11+L12+L13+L14 -> 30 | M117: =SUM(H117:K117) -> 2 | N117: =G117+M117 -> 1267 | O117: =B117*1+C117*0.5+D117*1.5+E117*3+F117*4.5+H117*0.5+I117*1.5+J117*3+K117*4+L117*8 -> 1273
A118: 0900 - 1000 | B118: =B12+B13+B14+B15 -> 737 | C118: =C12+C13+C14+C15 -> 671 | D118: =D12+D13+D14+D15 -> 16 | E118: =E12+E13+E14+E15 -> 2 | F118: =F12+F13+F14+F15 -> 14 | G118: =SUM(B118:F118) -> 1440 | H118: =H12+H13+H14+H15 -> 2 | I118: =I12+I13+I14+I15 -> 0 | J118: =J12+J13+J14+J15 -> 0 | K118: =K12+K13+K14+K15 -> 0 | L118: =L12+L13+L14+L15 -> 22 | M118: =SUM(H118:K118) -> 2 | N118: =G118+M118 -> 1442 | O118: =B118*1+C118*0.5+D118*1.5+E118*3+F118*4.5+H118*0.5+I118*1.5+J118*3+K118*4+L118*8 -> 1342.5
A119: 0915 - 1015 | B119: =B13+B14+B15+B16 -> 818 | C119: =C13+C14+C15+C16 -> 756 | D119: =D13+D14+D15+D16 -> 17 | E119: =E13+E14+E15+E16 -> 3 | F119: =F13+F14+F15+F16 -> 15 | G119: =SUM(B119:F119) -> 1609 | H119: =H13+H14+H15+H16 -> 2 | I119: =I13+I14+I15+I16 -> 0 | J119: =J13+J14+J15+J16 -> 0 | K119: =K13+K14+K15+K16 -> 0 | L119: =L13+L14+L15+L16 -> 16 | M119: =SUM(H119:K119) -> 2 | N119: =G119+M119 -> 1611 | O119: =B119*1+C119*0.5+D119*1.5+E119*3+F119*4.5+H119*0.5+I119*1.5+J119*3+K119*4+L119*8 -> 1427
A120: 0930 - 1030 | B120: =B14+B15+B16+B17 -> 846 | C120: =C14+C15+C16+C17 -> 731 | D120: =D14+D15+D16+D17 -> 16 | E120: =E14+E15+E16+E17 -> 4 | F120: =F14+F15+F16+F17 -> 16 | G120: =SUM(B120:F120) -> 1613 | H120: =H14+H15+H16+H17 -> 2 | I120: =I14+I15+I16+I17 -> 0 | J120: =J14+J15+J16+J17 -> 0 | K120: =K14+K15+K16+K17 -> 0 | L120: =L14+L15+L16+L17 -> 8 | M120: =SUM(H120:K120) -> 2 | N120: =G120+M120 -> 1615 | O120: =B120*1+C120*0.5+D120*1.5+E120*3+F120*4.5+H120*0.5+I120*1.5+J120*3+K120*4+L120*8 -> 1384.5
A121: 0945 - 1045 | B121: =B15+B16+B17+B18 -> 772 | C121: =C15+C16+C17+C18 -> 655 | D121: =D15+D16+D17+D18 -> 15 | E121: =E15+E16+E17+E18 -> 5 | F121: =F15+F16+F17+F18 -> 16 | G121: =SUM(B121:F121) -> 1463 | H121: =H15+H16+H17+H18 -> 0 | I121: =I15+I16+I17+I18 -> 0 | J121: =J15+J16+J17+J18 -> 0 | K121: =K15+K16+K17+K18 -> 0 | L121: =L15+L16+L17+L18 -> 5 | M121: =SUM(H121:K121) -> 0 | N121: =G121+M121 -> 1463 | O121: =B121*1+C121*0.5+D121*1.5+E121*3+F121*4.5+H121*0.5+I121*1.5+J121*3+K121*4+L121*8 -> 1249
A122: 1000 - 1100 | B122: =B16+B17+B18+B19 -> 702 | C122: =C16+C17+C18+C19 -> 619 | D122: =D16+D17+D18+D19 -> 14 | E122: =E16+E17+E18+E19 -> 4 | F122: =F16+F17+F18+F19 -> 20 | G122: =SUM(B122:F122) -> 1359 | H122: =H16+H17+H18+H19 -> 0 | I122: =I16+I17+I18+I19 -> 0 | J122: =J16+J17+J18+J19 -> 0 | K122: =K16+K17+K18+K19 -> 0 | L122: =L16+L17+L18+L19 -> 8 | M122: =SUM(H122:K122) -> 0 | N122: =G122+M122 -> 1359 | O122: =B122*1+C122*0.5+D122*1.5+E122*3+F122*4.5+H122*0.5+I122*1.5+J122*3+K122*4+L122*8 -> 1198.5
A123: 1015 - 1115 | B123: =B17+B18+B19+B20 -> 604 | C123: =C17+C18+C19+C20 -> 504 | D123: =D17+D18+D19+D20 -> 13 | E123: =E17+E18+E19+E20 -> 3 | F123: =F17+F18+F19+F20 -> 22 | G123: =SUM(B123:F123) -> 1146 | H123: =H17+H18+H19+H20 -> 0 | I123: =I17+I18+I19+I20 -> 0 | J123: =J17+J18+J19+J20 -> 0 | K123: =K17+K18+K19+K20 -> 0 | L123: =L17+L18+L19+L20 -> 9 | M123: =SUM(H123:K123) -> 0 | N123: =G123+M123 -> 1146 | O123: =B123*1+C123*0.5+D123*1.5+E123*3+F123*4.5+H123*0.5+I123*1.5+J123*3+K123*4+L123*8 -> 1055.5
A124: 1030 - 1130 | B124: =B18+B19+B20+B21 -> 612 | C124: =C18+C19+C20+C21 -> 494 | D124: =D18+D19+D20+D21 -> 13 | E124: =E18+E19+E20+E21 -> 2 | F124: =F18+F19+F20+F21 -> 21 | G124: =SUM(B124:F124) -> 1142 | H124: =H18+H19+H20+H21 -> 1 | I124: =I18+I19+I20+I21 -> 0 | J124: =J18+J19+J20+J21 -> 0 | K124: =K18+K19+K20+K21 -> 0 | L124: =L18+L19+L20+L21 -> 10 | M124: =SUM(H124:K124) -> 1 | N124: =G124+M124 -> 1143 | O124: =B124*1+C124*0.5+D124*1.5+E124*3+F124*4.5+H124*0.5+I124*1.5+J124*3+K124*4+L124*8 -> 1059.5
A125: 1045 - 1145 | B125: =B19+B20+B21+B22 -> 559 | C125: =C19+C20+C21+C22 -> 429 | D125: =D19+D20+D21+D22 -> 14 | E125: =E19+E20+E21+E22 -> 2 | F125: =F19+F20+F21+F22 -> 18 | G125: =SUM(B125:F125) -> 1022 | H125: =H19+H20+H21+H22 -> 1 | I125: =I19+I20+I21+I22 -> 0 | J125: =J19+J20+J21+J22 -> 0 | K125: =K19+K20+K21+K22 -> 0 | L125: =L19+L20+L21+L22 -> 13 | M125: =SUM(H125:K125) -> 1 | N125: =G125+M125 -> 1023 | O125: =B125*1+C125*0.5+D125*1.5+E125*3+F125*4.5+H125*0.5+I125*1.5+J125*3+K125*4+L125*8 -> 986
... A206: 0745 - 0845 | B206: =B100+B101+B102+B103 -> 117 | C206: =C100+C101+C102+C103 -> 116 | D206: =D100+D101+D102+D103 -> 15 | E206: =E100+E101+E102+E103 -> 13 | F206: =F100+F101+F102+F103 -> 15 | G206: =SUM(B206:F206) -> 276 | H206: =H100+H101+H102+H103 -> 1 | I206: =I100+I101+I102+I103 -> 0 | J206: =J100+J101+J102+J103 -> 0 | K206: =K100+K101+K102+K103 -> 0 | L206: =L100+L101+L102+L103 -> 11 | M206: =SUM(H206:K206) -> 1 | N206: =G206+M206 -> 277 | O206: =B206*1+C206*0.5+D206*1.5+E206*3+F206*4.5+H206*0.5+I206*1.5+J206*3+K206*4+L206*8 -> 392.5

Sheet Flow Table
C1: =Summary!A3 -> Location Code: | D1: =Summary!B3 -> D2
A3: Seet No | B3: Direction | C3: Car, Taxi, Tempo, Auto Rickshaw & Pick up | D3: Motar Cycle, Scooter | E3: Agriculture Tractor, LCV Mini Bus | F3: Three Wheeler (Auto) Axle Truck, Buses | G3: Tractor Trailor, Truck Trailor Units (3 Axle & MAV) | H3: Total Fast Vehicle | I3: Cycle | J3: Cycle Rickshaw | K3: Hand Cart | L3: Horse Drawn | M3: Bullock Corts | N3: Total Slow | O3: Grand Total (Nos.) | P3: Grand Total (PCU's)
A6: V-1 | B6: =CONCATENATE(V_1!$B$4, " To ",V_1!$E$4) -> Nindar To Delhi | C6: =+V_1!B104 -> 1129 | D6: =+V_1!C104 -> 1682 | E6: =+V_1!D104 -> 126 | F6: =+V_1!E104 -> 37 | G6: =+V_1!F104 -> 66 | H6: =+V_1!G104 -> 3040 | I6: =+V_1!H104 -> 3 | J6: =+V_1!I104 -> 1 | ... P6: =+V_1!O104 -> 2794 | R6: =O6+O9+O12+O15+O18+O21 -> 66270
A7: V-6 | B7: =CONCATENATE(V_6!$B$4, " To ",V_6!$E$4) -> Delhi To Nindar | C7: =+V_6!B104 -> 1478 | D7: =+V_6!C104 -> 687 | E7: =+V_6!D104 -> 213 | F7: =+V_6!E104 -> 47 | G7: =+V_6!F104 -> 132 | H7: =+V_6!G104 -> 2557 | I7: =+V_6!H104 -> 0 | J7: =+V_6!I104 -> 0 | ... P7: =+V_6!O104 -> 2900 | R7: =O7+O10+O13+O16+O19+O22 -> 67871
A9: V-2 | B9: =CONCATENATE(V_2!$B$4, " To ",V_2!$E$4) -> Nindar To Chomu Pulia | C9: =+V_2!B104 -> 8964 | D9: =+V_2!C104 -> 7500 | E9: =+V_2!D104 -> 293 | F9: =+V_2!E104 -> 617 | G9: =+V_2!F104 -> 147 | H9: =+V_2!G104 -> 17521 | I9: =+V_2!H104 -> 19 | J9: =+V_2!I104 -> 0 | ... P9: =+V_2!O104 -> 16243.5
A10: V-8 | B10: =CONCATENATE(V_8!$B$4, " To ",V_8!$E$4) -> Chomu Pulia To Nindar | C10: =+V_8!B104 -> 8286 | D10: =+V_8!C104 -> 7736 | E10: =+V_8!D104 -> 456 | F10: =+V_8!E104 -> 565 | G10: =+V_8!F104 -> 150 | H10: =+V_8!G104 -> 17193 | I10: =+V_8!H104 -> 4 | J10: =+V_8!I104 -> 0 | ... P10: =+V_8!O104 -> 15706
A12: V-3 | B12: =CONCATENATE(V_3!$B$4, " To ",V_3!$E$4) -> Nindar To Mansarover | C12: =+V_3!B104 -> 6361 | D12: =+V_3!C104 -> 1717 | E12: =+V_3!D104 -> 357 | F12: =+V_3!E104 -> 114 | G12: =+V_3!F104 -> 548 | H12: =+V_3!G104 -> 9097 | I12: =+V_3!H104 -> 2 | J12: =+V_3!I104 -> 0 | ... P12: =+V_3!O104 -> 10572
A13: V-10 | B13: =CONCATENATE(V_10!$B$4, " To ",V_10!$E$4) -> Mansarover To Nindar | C13: =+V_10!B104 -> 8844 | D13: =+V_10!C104 -> 2108 | E13: =+V_10!D104 -> 628 | F13: =+V_10!E104 -> 239 | G13: =+V_10!F104 -> 629 | H13: =+V_10!G104 -> 12448 | I13: =+V_10!H104 -> 0 | J13: =+V_10!I104 -> 0 | ... P13: =+V_10!O104 -> 14612.5
A15: V-4 | B15: =CONCATENATE(V_4!$B$4, " To ",V_4!$E$4) -> Delhi To Chomu Pulia | C15: =+V_4!B104 -> 3037 | D15: =+V_4!C104 -> 1653 | E15: =+V_4!D104 -> 241 | F15: =+V_4!E104 -> 125 | G15: =+V_4!F104 -> 223 | H15: =+V_4!G104 -> 5279 | I15: =+V_4!H104 -> 4 | J15: =+V_4!I104 -> 0 | ... P15: =+V_4!O104 -> 6269.5
A16: V-9 | B16: =CONCATENATE(V_9!$B$4, " To ",V_9!$E$4) -> Chomu Pulia To Delhi | C16: =+V_9!B104 -> 2644 | D16: =+V_9!C104 -> 1282 | E16: =+V_9!D104 -> 208 | F16: =+V_9!E104 -> 104 | G16: =+V_9!F104 -> 164 | H16: =+V_9!G104 -> 4402 | I16: =+V_9!H104 -> 3 | J16: =+V_9!I104 -> 1 | ... P16: =+V_9!O104 -> 5074
A18: V-5 | B18: =CONCATENATE(V_5!$B$4, " To ",V_5!$E$4) -> Delhi To Mansarover | C18: =+V_5!B104 -> 7403 | D18: =+V_5!C104 -> 4438 | E18: =+V_5!D104 -> 1534 | F18: =+V_5!E104 -> 459 | G18: =+V_5!F104 -> 2731 | H18: =+V_5!G104 -> 16565 | I18: =+V_5!H104 -> 5 | J18: =+V_5!I104 -> 0 | ... P18: =+V_5!O104 -> 25756
A19: V-11 | B19: =CONCATENATE(V_11!$B$4, " To ",V_11!$E$4) -> Mansarover To Delhi | C19: =+V_11!B104 -> 7644 | D19: =+V_11!C104 -> 6628 | E19: =+V_11!D104 -> 1174 | F19: =+V_11!E104 -> 846 | G19: =+V_11!F104 -> 2709 | H19: =+V_11!G104 -> 19001 | I19: =+V_11!H104 -> 79 | J19: =+V_11!I104 -> 0 | ... P19: =+V_11!O104 -> 28001
A21: V-7 | B21: =CONCATENATE(V_7!$B$4, " To ",V_7!$E$4) -> Chomu Pulia To Mansarover | C21: =+V_7!B104 -> 8454 | D21: =+V_7!C104 -> 5055 | E21: =+V_7!D104 -> 385 | F21: =+V_7!E104 -> 541 | G21: =+V_7!F104 -> 318 | H21: =+V_7!G104 -> 14753 | I21: =+V_7!H104 -> 3 | J21: =+V_7!I104 -> 0 | ... P21: =+V_7!O104 -> 16758.5
A22: V-12 | B22: =CONCATENATE(V_12!$B$4, " To ",V_12!$E$4) -> Mansarover To Chomu Pulia | C22: =+V_12!B104 -> 7190 | D22: =+V_12!C104 -> 4212 | E22: =+V_12!D104 -> 358 | F22: =+V_12!E104 -> 133 | G22: =+V_12!F104 -> 365 | H22: =+V_12!G104 -> 12258 | I22: =+V_12!H104 -> 6 | J22: =+V_12!I104 -> 0 | ... P22: =+V_12!O104 -> 13158.5

Sheet IN_1
A1: CLASSIFIED TRAFFIC VOLUME COUNT AT INTERSECTION
A2: Location Name : | B2: =Summary!B2 -> TMC-14 Number (D2) | H2: =+Summary!I1 -> 46245
A3: Location Code : | B3: =Summary!B3 -> D2 | H3: =+Summary!I2 -> Tuesday
A4: Direction From : | B4: =+Summary!A6 -> Nindar
A6: Time | B6: Car, Taxi, Tempo, Auto Rickshaw & Pick up | C6: Motar Cycle, Scooter | D6: Agriculture Tractor, LCV Mini Bus | E6: Three Wheeler (Auto) Axle Truck, Buses | F6: Tractor Trailor, Truck Trailor Units (3 Axle & MAV) | G6: Total Fast Vehicle | H6: Cycle | I6: Cycle Rickshaw | J6: Hand Cart | K6: Horse Drawn | L6: Bullock Corts | M6: Total Slow | N6: Grand Total (Nos.) | O6: Grand Total (PCU's)
A8: 0800-0815 | B8: =V_1!B8+V_2!B8+V_3!B8 -> 303 | C8: =V_1!C8+V_2!C8+V_3!C8 -> 277 | D8: =V_1!D8+V_2!D8+V_3!D8 -> 11 | E8: =V_1!E8+V_2!E8+V_3!E8 -> 9 | F8: =V_1!F8+V_2!F8+V_3!F8 -> 11 | G8: =SUM(B8:F8) -> 611 | H8: =V_1!H8+V_2!H8+V_3!H8 -> 2 | I8: =V_1!I8+V_2!I8+V_3!I8 -> 0 | J8: =V_1!J8+V_2!J8+V_3!J8 -> 0 | K8: =V_1!K8+V_2!K8+V_3!K8 -> 0 | L8: =V_1!L8+V_2!L8+V_3!L8 -> 7 | M8: =SUM(H8:L8) -> 9 | N8: =G8+M8 -> 620 | O8: =B8*1+C8*0.5+D8*1.5+E8*3+F8*4.5+H8*0.5+I8*1.5+J8*3+K8*4+L8*8 -> 591.5
A9: 0815-0830 | B9: =V_1!B9+V_2!B9+V_3!B9 -> 286 | C9: =V_1!C9+V_2!C9+V_3!C9 -> 328 | D9: =V_1!D9+V_2!D9+V_3!D9 -> 10 | E9: =V_1!E9+V_2!E9+V_3!E9 -> 8 | F9: =V_1!F9+V_2!F9+V_3!F9 -> 5 | G9: =SUM(B9:F9) -> 637 | H9: =V_1!H9+V_2!H9+V_3!H9 -> 1 | I9: =V_1!I9+V_2!I9+V_3!I9 -> 0 | J9: =V_1!J9+V_2!J9+V_3!J9 -> 0 | K9: =V_1!K9+V_2!K9+V_3!K9 -> 0 | L9: =V_1!L9+V_2!L9+V_3!L9 -> 2 | M9: =SUM(H9:L9) -> 3 | N9: =G9+M9 -> 640 | O9: =B9*1+C9*0.5+D9*1.5+E9*3+F9*4.5+H9*0.5+I9*1.5+J9*3+K9*4+L9*8 -> 528
A10: 0830-0845 | B10: =V_1!B10+V_2!B10+V_3!B10 -> 269 | C10: =V_1!C10+V_2!C10+V_3!C10 -> 330 | D10: =V_1!D10+V_2!D10+V_3!D10 -> 7 | E10: =V_1!E10+V_2!E10+V_3!E10 -> 15 | F10: =V_1!F10+V_2!F10+V_3!F10 -> 15 | G10: =SUM(B10:F10) -> 636 | H10: =V_1!H10+V_2!H10+V_3!H10 -> 0 | I10: =V_1!I10+V_2!I10+V_3!I10 -> 0 | J10: =V_1!J10+V_2!J10+V_3!J10 -> 0 | K10: =V_1!K10+V_2!K10+V_3!K10 -> 0 | L10: =V_1!L10+V_2!L10+V_3!L10 -> 2 | M10: =SUM(H10:L10) -> 2 | N10: =G10+M10 -> 638 | O10: =B10*1+C10*0.5+D10*1.5+E10*3+F10*4.5+H10*0.5+I10*1.5+J10*3+K10*4+L10*8 -> 573
A11: 0845-0900 | B11: =V_1!B11+V_2!B11+V_3!B11 -> 206 | C11: =V_1!C11+V_2!C11+V_3!C11 -> 257 | D11: =V_1!D11+V_2!D11+V_3!D11 -> 5 | E11: =V_1!E11+V_2!E11+V_3!E11 -> 5 | F11: =V_1!F11+V_2!F11+V_3!F11 -> 2 | G11: =SUM(B11:F11) -> 475 | H11: =V_1!H11+V_2!H11+V_3!H11 -> 0 | I11: =V_1!I11+V_2!I11+V_3!I11 -> 0 | J11: =V_1!J11+V_2!J11+V_3!J11 -> 0 | K11: =V_1!K11+V_2!K11+V_3!K11 -> 0 | L11: =V_1!L11+V_2!L11+V_3!L11 -> 5 | M11: =SUM(H11:L11) -> 5 | N11: =G11+M11 -> 480 | O11: =B11*1+C11*0.5+D11*1.5+E11*3+F11*4.5+H11*0.5+I11*1.5+J11*3+K11*4+L11*8 -> 406
A12: 0900-0915 | B12: =V_1!B12+V_2!B12+V_3!B12 -> 239 | C12: =V_1!C12+V_2!C12+V_3!C12 -> 295 | D12: =V_1!D12+V_2!D12+V_3!D12 -> 4 | E12: =V_1!E12+V_2!E12+V_3!E12 -> 9 | F12: =V_1!F12+V_2!F12+V_3!F12 -> 9 | G12: =SUM(B12:F12) -> 556 | H12: =V_1!H12+V_2!H12+V_3!H12 -> 0 | I12: =V_1!I12+V_2!I12+V_3!I12 -> 0 | J12: =V_1!J12+V_2!J12+V_3!J12 -> 0 | K12: =V_1!K12+V_2!K12+V_3!K12 -> 0 | L12: =V_1!L12+V_2!L12+V_3!L12 -> 5 | M12: =SUM(H12:L12) -> 5 | N12: =G12+M12 -> 561 | O12: =B12*1+C12*0.5+D12*1.5+E12*3+F12*4.5+H12*0.5+I12*1.5+J12*3+K12*4+L12*8 -> 500
A13: 0915-0930 | B13: =V_1!B13+V_2!B13+V_3!B13 -> 272 | C13: =V_1!C13+V_2!C13+V_3!C13 -> 324 | D13: =V_1!D13+V_2!D13+V_3!D13 -> 8 | E13: =V_1!E13+V_2!E13+V_3!E13 -> 6 | F13: =V_1!F13+V_2!F13+V_3!F13 -> 4 | G13: =SUM(B13:F13) -> 614 | H13: =V_1!H13+V_2!H13+V_3!H13 -> 0 | I13: =V_1!I13+V_2!I13+V_3!I13 -> 0 | J13: =V_1!J13+V_2!J13+V_3!J13 -> 0 | K13: =V_1!K13+V_2!K13+V_3!K13 -> 0 | L13: =V_1!L13+V_2!L13+V_3!L13 -> 1 | M13: =SUM(H13:L13) -> 1 | N13: =G13+M13 -> 615 | O13: =B13*1+C13*0.5+D13*1.5+E13*3+F13*4.5+H13*0.5+I13*1.5+J13*3+K13*4+L13*8 -> 490
A14: 0930-0945 | B14: =V_1!B14+V_2!B14+V_3!B14 -> 313 | C14: =V_1!C14+V_2!C14+V_3!C14 -> 399 | D14: =V_1!D14+V_2!D14+V_3!D14 -> 8 | E14: =V_1!E14+V_2!E14+V_3!E14 -> 10 | F14: =V_1!F14+V_2!F14+V_3!F14 -> 7 | G14: =SUM(B14:F14) -> 737 | H14: =V_1!H14+V_2!H14+V_3!H14 -> 0 | I14: =V_1!I14+V_2!I14+V_3!I14 -> 0 | J14: =V_1!J14+V_2!J14+V_3!J14 -> 0 | K14: =V_1!K14+V_2!K14+V_3!K14 -> 0 | L14: =V_1!L14+V_2!L14+V_3!L14 -> 5 | M14: =SUM(H14:L14) -> 5 | N14: =G14+M14 -> 742 | O14: =B14*1+C14*0.5+D14*1.5+E14*3+F14*4.5+H14*0.5+I14*1.5+J14*3+K14*4+L14*8 -> 626
A15: 0945-1000 | B15: =V_1!B15+V_2!B15+V_3!B15 -> 386 | C15: =V_1!C15+V_2!C15+V_3!C15 -> 327 | D15: =V_1!D15+V_2!D15+V_3!D15 -> 12 | E15: =V_1!E15+V_2!E15+V_3!E15 -> 21 | F15: =V_1!F15+V_2!F15+V_3!F15 -> 13 | G15: =SUM(B15:F15) -> 759 | H15: =V_1!H15+V_2!H15+V_3!H15 -> 0 | I15: =V_1!I15+V_2!I15+V_3!I15 -> 0 | J15: =V_1!J15+V_2!J15+V_3!J15 -> 0 | K15: =V_1!K15+V_2!K15+V_3!K15 -> 0 | L15: =V_1!L15+V_2!L15+V_3!L15 -> 2 | M15: =SUM(H15:L15) -> 2 | N15: =G15+M15 -> 761 | O15: =B15*1+C15*0.5+D15*1.5+E15*3+F15*4.5+H15*0.5+I15*1.5+J15*3+K15*4+L15*8 -> 705
A16: 1000-1015 | B16: =V_1!B16+V_2!B16+V_3!B16 -> 309 | C16: =V_1!C16+V_2!C16+V_3!C16 -> 255 | D16: =V_1!D16+V_2!D16+V_3!D16 -> 12 | E16: =V_1!E16+V_2!E16+V_3!E16 -> 19 | F16: =V_1!F16+V_2!F16+V_3!F16 -> 15 | G16: =SUM(B16:F16) -> 610 | H16: =V_1!H16+V_2!H16+V_3!H16 -> 1 | I16: =V_1!I16+V_2!I16+V_3!I16 -> 0 | J16: =V_1!J16+V_2!J16+V_3!J16 -> 0 | K16: =V_1!K16+V_2!K16+V_3!K16 -> 0 | L16: =V_1!L16+V_2!L16+V_3!L16 -> 3 | M16: =SUM(H16:L16) -> 4 | N16: =G16+M16 -> 614 | O16: =B16*1+C16*0.5+D16*1.5+E16*3+F16*4.5+H16*0.5+I16*1.5+J16*3+K16*4+L16*8 -> 603.5
A17: 1015-1030 | B17: =V_1!B17+V_2!B17+V_3!B17 -> 340 | C17: =V_1!C17+V_2!C17+V_3!C17 -> 246 | D17: =V_1!D17+V_2!D17+V_3!D17 -> 17 | E17: =V_1!E17+V_2!E17+V_3!E17 -> 15 | F17: =V_1!F17+V_2!F17+V_3!F17 -> 15 | G17: =SUM(B17:F17) -> 633 | H17: =V_1!H17+V_2!H17+V_3!H17 -> 0 | I17: =V_1!I17+V_2!I17+V_3!I17 -> 0 | J17: =V_1!J17+V_2!J17+V_3!J17 -> 0 | K17: =V_1!K17+V_2!K17+V_3!K17 -> 0 | L17: =V_1!L17+V_2!L17+V_3!L17 -> 0 | M17: =SUM(H17:L17) -> 0 | N17: =G17+M17 -> 633 | O17: =B17*1+C17*0.5+D17*1.5+E17*3+F17*4.5+H17*0.5+I17*1.5+J17*3+K17*4+L17*8 -> 601
A18: 1030-1045 | B18: =V_1!B18+V_2!B18+V_3!B18 -> 267 | C18: =V_1!C18+V_2!C18+V_3!C18 -> 115 | D18: =V_1!D18+V_2!D18+V_3!D18 -> 10 | E18: =V_1!E18+V_2!E18+V_3!E18 -> 19 | F18: =V_1!F18+V_2!F18+V_3!F18 -> 13 | G18: =SUM(B18:F18) -> 424 | H18: =V_1!H18+V_2!H18+V_3!H18 -> 0 | I18: =V_1!I18+V_2!I18+V_3!I18 -> 0 | J18: =V_1!J18+V_2!J18+V_3!J18 -> 0 | K18: =V_1!K18+V_2!K18+V_3!K18 -> 0 | L18: =V_1!L18+V_2!L18+V_3!L18 -> 0 | M18: =SUM(H18:L18) -> 0 | N18: =G18+M18 -> 424 | O18: =B18*1+C18*0.5+D18*1.5+E18*3+F18*4.5+H18*0.5+I18*1.5+J18*3+K18*4+L18*8 -> 455
A19: 1045-1100 | B19: =V_1!B19+V_2!B19+V_3!B19 -> 283 | C19: =V_1!C19+V_2!C19+V_3!C19 -> 131 | D19: =V_1!D19+V_2!D19+V_3!D19 -> 16 | E19: =V_1!E19+V_2!E19+V_3!E19 -> 11 | F19: =V_1!F19+V_2!F19+V_3!F19 -> 10 | G19: =SUM(B19:F19) -> 451 | H19: =V_1!H19+V_2!H19+V_3!H19 -> 0 | I19: =V_1!I19+V_2!I19+V_3!I19 -> 0 | J19: =V_1!J19+V_2!J19+V_3!J19 -> 0 | K19: =V_1!K19+V_2!K19+V_3!K19 -> 0 | L19: =V_1!L19+V_2!L19+V_3!L19 -> 3 | M19: =SUM(H19:L19) -> 3 | N19: =G19+M19 -> 454 | O19: =B19*1+C19*0.5+D19*1.5+E19*3+F19*4.5+H19*0.5+I19*1.5+J19*3+K19*4+L19*8 -> 474.5
... A103: 0745-0800 | B103: =V_1!B103+V_2!B103+V_3!B103 -> 478 | C103: =V_1!C103+V_2!C103+V_3!C103 -> 650 | D103: =V_1!D103+V_2!D103+V_3!D103 -> 6 | E103: =V_1!E103+V_2!E103+V_3!E103 -> 10 | F103: =V_1!F103+V_2!F103+V_3!F103 -> 8 | G103: =SUM(B103:F103) -> 1152 | H103: =V_1!H103+V_2!H103+V_3!H103 -> 3 | I103: =V_1!I103+V_2!I103+V_3!I103 -> 0 | J103: =V_1!J103+V_2!J103+V_3!J103 -> 0 | K103: =V_1!K103+V_2!K103+V_3!K103 -> 0 | L103: =V_1!L103+V_2!L103+V_3!L103 -> 3 | M103: =SUM(H103:L103) -> 6 | N103: =G103+M103 -> 1158 | O103: =B103*1+C103*0.5+D103*1.5+E103*3+F103*4.5+H103*0.5+I103*1.5+J103*3+K103*4+L103*8 -> 903.5
A104: Total (Veh.) | B104: =SUM(B8:B103) -> 16454 | C104: =SUM(C8:C103) -> 10899 | D104: =SUM(D8:D103) -> 776 | E104: =SUM(E8:E103) -> 768 | F104: =SUM(F8:F103) -> 761 | G104: =SUM(G8:G103) -> 29658 | H104: =SUM(H8:H103) -> 24 | I104: =SUM(I8:I103) -> 1 | ... O104: =SUM(O8:O103) -> 29609.5
A105: Total (PCUs) | B105: =+B104*1 -> 16454 | C105: =+C104*0.5 -> 5449.5 | D105: =+D104*1.5 -> 1164 | E105: =+E104*3 -> 2304 | F105: =+F104*4.5 -> 3424.5 | G105: =SUM(B105:F105) -> 28796 | H105: =+H104*0.5 -> 12 | I105: =+I104*1.5 -> 1.5 | J105: =+J104*3 -> 0 | K105: =+K104*4 -> 0 | L105: =+L104*8 -> 800 | M105: =SUM(H105:L105) -> 813.5 | O105: =G105+M105 -> 29609.5
A106: Composition | B106: =B104/$N$104 -> 0.55246281 | C106: =C104/$N$104 -> 0.36594702 | D106: =D104/$N$104 -> 0.026055132 | E106: =E104/$N$104 -> 0.025786523 | F106: =F104/$N$104 -> 0.025551489 | G106: =G104/$N$104 -> 0.99580297 | H106: =H104/$N$104 -> 0.00080582883 | I106: =I104/$N$104 -> 3.3576201e-05 | ... N106: =N104/$N$104 -> 1
A108: Location Name : | B108: =B2 -> TMC-14 Number (D2)
A109: Location Code : | B109: =B3 -> D2
A110: Direction From : | B110: =B4 -> Nindar
A112: Time | B112: Car, Taxi, Tempo, Auto Rickshaw & Pick up | C112: Motar Cycle, Scooter | D112: Agriculture Tractor, LCV Mini Bus | E112: Three Wheeler (Auto) Axle Truck, Buses | F112: Tractor Trailor, Truck Trailor Units (3 Axle & MAV) | G112: Total Fast Vehicle | H112: Cycle | I112: Cycle Rickshaw | J112: Hand Cart | K112: Horse Drawn | L112: Bullock Corts | M112: Total Slow | N112: Grand Total (Nos.) | O112: Grand Total (PCU's)
A114: 0800 - 0900 | B114: =B8+B9+B10+B11 -> 1064 | C114: =C8+C9+C10+C11 -> 1192 | D114: =D8+D9+D10+D11 -> 33 | E114: =E8+E9+E10+E11 -> 37 | F114: =F8+F9+F10+F11 -> 33 | G114: =G8+G9+G10+G11 -> 2359 | H114: =H8+H9+H10+H11 -> 3 | I114: =I8+I9+I10+I11 -> 0 | ... L114: =L8+L9+L10+L11 -> 16 | M114: =SUM(H114:K114) -> 3 | N114: =G114+M114 -> 2362 | O114: =B114*1+C114*0.5+D114*1.5+E114*3+F114*4.5+H114*0.5+I114*1.5+J114*3+K114*4+L114*8 -> 2098.5
A115: 0815 - 0915 | B115: =B9+B10+B11+B12 -> 1000 | C115: =C9+C10+C11+C12 -> 1210 | D115: =D9+D10+D11+D12 -> 26 | E115: =E9+E10+E11+E12 -> 37 | F115: =F9+F10+F11+F12 -> 31 | G115: =G9+G10+G11+G12 -> 2304 | H115: =H9+H10+H11+H12 -> 1 | I115: =I9+I10+I11+I12 -> 0 | ... L115: =L9+L10+L11+L12 -> 14 | M115: =SUM(H115:K115) -> 1 | N115: =G115+M115 -> 2305 | O115: =B115*1+C115*0.5+D115*1.5+E115*3+F115*4.5+H115*0.5+I115*1.5+J115*3+K115*4+L115*8 -> 2007
A116: 0830 - 0930 | B116: =B10+B11+B12+B13 -> 986 | C116: =C10+C11+C12+C13 -> 1206 | D116: =D10+D11+D12+D13 -> 24 | E116: =E10+E11+E12+E13 -> 35 | F116: =F10+F11+F12+F13 -> 30 | G116: =G10+G11+G12+G13 -> 2281 | H116: =H10+H11+H12+H13 -> 0 | I116: =I10+I11+I12+I13 -> 0 | ... L116: =L10+L11+L12+L13 -> 13 | M116: =SUM(H116:K116) -> 0 | N116: =G116+M116 -> 2281 | O116: =B116*1+C116*0.5+D116*1.5+E116*3+F116*4.5+H116*0.5+I116*1.5+J116*3+K116*4+L116*8 -> 1969
A117: 0845 - 0945 | B117: =B11+B12+B13+B14 -> 1030 | C117: =C11+C12+C13+C14 -> 1275 | D117: =D11+D12+D13+D14 -> 25 | E117: =E11+E12+E13+E14 -> 30 | F117: =F11+F12+F13+F14 -> 22 | G117: =G11+G12+G13+G14 -> 2382 | H117: =H11+H12+H13+H14 -> 0 | I117: =I11+I12+I13+I14 -> 0 | ... L117: =L11+L12+L13+L14 -> 16 | M117: =SUM(H117:K117) -> 0 | N117: =G117+M117 -> 2382 | O117: =B117*1+C117*0.5+D117*1.5+E117*3+F117*4.5+H117*0.5+I117*1.5+J117*3+K117*4+L117*8 -> 2022
A118: 0900 - 1000 | B118: =B12+B13+B14+B15 -> 1210 | C118: =C12+C13+C14+C15 -> 1345 | D118: =D12+D13+D14+D15 -> 32 | E118: =E12+E13+E14+E15 -> 46 | F118: =F12+F13+F14+F15 -> 33 | G118: =G12+G13+G14+G15 -> 2666 | H118: =H12+H13+H14+H15 -> 0 | I118: =I12+I13+I14+I15 -> 0 | ... L118: =L12+L13+L14+L15 -> 13 | M118: =SUM(H118:K118) -> 0 | N118: =G118+M118 -> 2666 | O118: =B118*1+C118*0.5+D118*1.5+E118*3+F118*4.5+H118*0.5+I118*1.5+J118*3+K118*4+L118*8 -> 2321
A119: 0915 - 1015 | B119: =B13+B14+B15+B16 -> 1280 | C119: =C13+C14+C15+C16 -> 1305 | D119: =D13+D14+D15+D16 -> 40 | E119: =E13+E14+E15+E16 -> 56 | F119: =F13+F14+F15+F16 -> 39 | G119: =G13+G14+G15+G16 -> 2720 | H119: =H13+H14+H15+H16 -> 1 | I119: =I13+I14+I15+I16 -> 0 | ... L119: =L13+L14+L15+L16 -> 11 | M119: =SUM(H119:K119) -> 1 | N119: =G119+M119 -> 2721 | O119: =B119*1+C119*0.5+D119*1.5+E119*3+F119*4.5+H119*0.5+I119*1.5+J119*3+K119*4+L119*8 -> 2424.5
A120: 0930 - 1030 | B120: =B14+B15+B16+B17 -> 1348 | C120: =C14+C15+C16+C17 -> 1227 | D120: =D14+D15+D16+D17 -> 49 | E120: =E14+E15+E16+E17 -> 65 | F120: =F14+F15+F16+F17 -> 50 | G120: =G14+G15+G16+G17 -> 2739 | H120: =H14+H15+H16+H17 -> 1 | I120: =I14+I15+I16+I17 -> 0 | ... L120: =L14+L15+L16+L17 -> 10 | M120: =SUM(H120:K120) -> 1 | N120: =G120+M120 -> 2740 | O120: =B120*1+C120*0.5+D120*1.5+E120*3+F120*4.5+H120*0.5+I120*1.5+J120*3+K120*4+L120*8 -> 2535.5
A121: 0945 - 1045 | B121: =B15+B16+B17+B18 -> 1302 | C121: =C15+C16+C17+C18 -> 943 | D121: =D15+D16+D17+D18 -> 51 | E121: =E15+E16+E17+E18 -> 74 | F121: =F15+F16+F17+F18 -> 56 | G121: =G15+G16+G17+G18 -> 2426 | H121: =H15+H16+H17+H18 -> 1 | I121: =I15+I16+I17+I18 -> 0 | ... L121: =L15+L16+L17+L18 -> 5 | M121: =SUM(H121:K121) -> 1 | N121: =G121+M121 -> 2427 | O121: =B121*1+C121*0.5+D121*1.5+E121*3+F121*4.5+H121*0.5+I121*1.5+J121*3+K121*4+L121*8 -> 2364.5
A122: 1000 - 1100 | B122: =B16+B17+B18+B19 -> 1199 | C122: =C16+C17+C18+C19 -> 747 | D122: =D16+D17+D18+D19 -> 55 | E122: =E16+E17+E18+E19 -> 64 | F122: =F16+F17+F18+F19 -> 53 | G122: =G16+G17+G18+G19 -> 2118 | H122: =H16+H17+H18+H19 -> 1 | I122: =I16+I17+I18+I19 -> 0 | ... L122: =L16+L17+L18+L19 -> 6 | M122: =SUM(H122:K122) -> 1 | N122: =G122+M122 -> 2119 | O122: =B122*1+C122*0.5+D122*1.5+E122*3+F122*4.5+H122*0.5+I122*1.5+J122*3+K122*4+L122*8 -> 2134
A123: 1015 - 1115 | B123: =B17+B18+B19+B20 -> 1222 | C123: =C17+C18+C19+C20 -> 652 | D123: =D17+D18+D19+D20 -> 59 | E123: =E17+E18+E19+E20 -> 57 | F123: =F17+F18+F19+F20 -> 49 | G123: =G17+G18+G19+G20 -> 2039 | H123: =H17+H18+H19+H20 -> 0 | I123: =I17+I18+I19+I20 -> 0 | ... L123: =L17+L18+L19+L20 -> 5 | M123: =SUM(H123:K123) -> 0 | N123: =G123+M123 -> 2039 | O123: =B123*1+C123*0.5+D123*1.5+E123*3+F123*4.5+H123*0.5+I123*1.5+J123*3+K123*4+L123*8 -> 2068
A124: 1030 - 1130 | B124: =B18+B19+B20+B21 -> 1227 | C124: =C18+C19+C20+C21 -> 663 | D124: =D18+D19+D20+D21 -> 58 | E124: =E18+E19+E20+E21 -> 59 | F124: =F18+F19+F20+F21 -> 47 | G124: =G18+G19+G20+G21 -> 2054 | H124: =H18+H19+H20+H21 -> 0 | I124: =I18+I19+I20+I21 -> 0 | ... L124: =L18+L19+L20+L21 -> 6 | M124: =SUM(H124:K124) -> 0 | N124: =G124+M124 -> 2054 | O124: =B124*1+C124*0.5+D124*1.5+E124*3+F124*4.5+H124*0.5+I124*1.5+J124*3+K124*4+L124*8 -> 2082
A125: 1045 - 1145 | B125: =B19+B20+B21+B22 -> 1260 | C125: =C19+C20+C21+C22 -> 635 | D125: =D19+D20+D21+D22 -> 63 | E125: =E19+E20+E21+E22 -> 58 | F125: =F19+F20+F21+F22 -> 52 | G125: =G19+G20+G21+G22 -> 2068 | H125: =H19+H20+H21+H22 -> 0 | I125: =I19+I20+I21+I22 -> 1 | ... L125: =L19+L20+L21+L22 -> 6 | M125: =SUM(H125:K125) -> 1 | N125: =G125+M125 -> 2069 | O125: =B125*1+C125*0.5+D125*1.5+E125*3+F125*4.5+H125*0.5+I125*1.5+J125*3+K125*4+L125*8 -> 2129.5
... A206: 0745 - 0845 | B206: =B100+B101+B102+B103 -> 1550 | C206: =C100+C101+C102+C103 -> 2136 | D206: =D100+D101+D102+D103 -> 21 | E206: =E100+E101+E102+E103 -> 26 | F206: =F100+F101+F102+F103 -> 18 | G206: =G100+G101+G102+G103 -> 3751 | H206: =H100+H101+H102+H103 -> 9 | I206: =I100+I101+I102+I103 -> 0 | ... L206: =L100+L101+L102+L103 -> 10 | M206: =SUM(H206:K206) -> 9 | N206: =G206+M206 -> 3760 | O206: =B206*1+C206*0.5+D206*1.5+E206*3+F206*4.5+H206*0.5+I206*1.5+J206*3+K206*4+L206*8 -> 2893

Sheet IN_2
A1: CLASSIFIED TRAFFIC VOLUME COUNT AT INTERSECTION
A2: Location Name : | B2: =Summary!B2 -> TMC-14 Number (D2) | H2: =+Summary!I1 -> 46245
A3: Location Code : | B3: =Summary!B3 -> D2 | H3: =+Summary!I2 -> Tuesday
A4: Direction From : | B4: =+Summary!A7 -> Delhi
A6: Time | B6: Car, Taxi, Tempo, Auto Rickshaw & Pick up | C6: Motar Cycle, Scooter | D6: Agriculture Tractor, LCV Mini Bus | E6: Three Wheeler (Auto) Axle Truck, Buses | F6: Tractor Trailor, Truck Trailor Units (3 Axle & MAV) | G6: Total Fast Vehicle | H6: Cycle | I6: Cycle Rickshaw | J6: Hand Cart | K6: Horse Drawn | L6: Bullock Corts | M6: Total Slow | N6: Grand Total (Nos.) | O6: Grand Total (PCU's)
A8: 0800-0815 | B8: =V_4!B8+V_5!B8+V_6!B8 -> 55 | C8: =V_4!C8+V_5!C8+V_6!C8 -> 102 | D8: =V_4!D8+V_5!D8+V_6!D8 -> 23 | E8: =V_4!E8+V_5!E8+V_6!E8 -> 8 | F8: =V_4!F8+V_5!F8+V_6!F8 -> 41 | G8: =SUM(B8:F8) -> 229 | H8: =V_4!H8+V_5!H8+V_6!H8 -> 0 | I8: =V_4!I8+V_5!I8+V_6!I8 -> 0 | J8: =V_4!J8+V_5!J8+V_6!J8 -> 0 | K8: =V_4!K8+V_5!K8+V_6!K8 -> 0 | L8: =V_4!L8+V_5!L8+V_6!L8 -> 4 | M8: =SUM(H8:L8) -> 4 | N8: =G8+M8 -> 233 | O8: =B8*1+C8*0.5+D8*1.5+E8*3+F8*4.5+H8*0.5+I8*1.5+J8*3+K8*4+L8*8 -> 381
A9: 0815-0830 | B9: =V_4!B9+V_5!B9+V_6!B9 -> 95 | C9: =V_4!C9+V_5!C9+V_6!C9 -> 130 | D9: =V_4!D9+V_5!D9+V_6!D9 -> 24 | E9: =V_4!E9+V_5!E9+V_6!E9 -> 4 | F9: =V_4!F9+V_5!F9+V_6!F9 -> 36 | G9: =SUM(B9:F9) -> 289 | H9: =V_4!H9+V_5!H9+V_6!H9 -> 0 | I9: =V_4!I9+V_5!I9+V_6!I9 -> 0 | J9: =V_4!J9+V_5!J9+V_6!J9 -> 0 | K9: =V_4!K9+V_5!K9+V_6!K9 -> 0 | L9: =V_4!L9+V_5!L9+V_6!L9 -> 1 | M9: =SUM(H9:L9) -> 1 | N9: =G9+M9 -> 290 | O9: =B9*1+C9*0.5+D9*1.5+E9*3+F9*4.5+H9*0.5+I9*1.5+J9*3+K9*4+L9*8 -> 378
A10: 0830-0845 | B10: =V_4!B10+V_5!B10+V_6!B10 -> 121 | C10: =V_4!C10+V_5!C10+V_6!C10 -> 173 | D10: =V_4!D10+V_5!D10+V_6!D10 -> 27 | E10: =V_4!E10+V_5!E10+V_6!E10 -> 7 | F10: =V_4!F10+V_5!F10+V_6!F10 -> 30 | G10: =SUM(B10:F10) -> 358 | H10: =V_4!H10+V_5!H10+V_6!H10 -> 0 | I10: =V_4!I10+V_5!I10+V_6!I10 -> 0 | J10: =V_4!J10+V_5!J10+V_6!J10 -> 0 | K10: =V_4!K10+V_5!K10+V_6!K10 -> 0 | L10: =V_4!L10+V_5!L10+V_6!L10 -> 3 | M10: =SUM(H10:L10) -> 3 | N10: =G10+M10 -> 361 | O10: =B10*1+C10*0.5+D10*1.5+E10*3+F10*4.5+H10*0.5+I10*1.5+J10*3+K10*4+L10*8 -> 428
A11: 0845-0900 | B11: =V_4!B11+V_5!B11+V_6!B11 -> 129 | C11: =V_4!C11+V_5!C11+V_6!C11 -> 191 | D11: =V_4!D11+V_5!D11+V_6!D11 -> 21 | E11: =V_4!E11+V_5!E11+V_6!E11 -> 7 | F11: =V_4!F11+V_5!F11+V_6!F11 -> 26 | G11: =SUM(B11:F11) -> 374 | H11: =V_4!H11+V_5!H11+V_6!H11 -> 1 | I11: =V_4!I11+V_5!I11+V_6!I11 -> 0 | J11: =V_4!J11+V_5!J11+V_6!J11 -> 0 | K11: =V_4!K11+V_5!K11+V_6!K11 -> 0 | L11: =V_4!L11+V_5!L11+V_6!L11 -> 0 | M11: =SUM(H11:L11) -> 1 | N11: =G11+M11 -> 375 | O11: =B11*1+C11*0.5+D11*1.5+E11*3+F11*4.5+H11*0.5+I11*1.5+J11*3+K11*4+L11*8 -> 394.5
A12: 0900-0915 | B12: =V_4!B12+V_5!B12+V_6!B12 -> 151 | C12: =V_4!C12+V_5!C12+V_6!C12 -> 203 | D12: =V_4!D12+V_5!D12+V_6!D12 -> 13 | E12: =V_4!E12+V_5!E12+V_6!E12 -> 7 | F12: =V_4!F12+V_5!F12+V_6!F12 -> 36 | G12: =SUM(B12:F12) -> 410 | H12: =V_4!H12+V_5!H12+V_6!H12 -> 2 | I12: =V_4!I12+V_5!I12+V_6!I12 -> 0 | J12: =V_4!J12+V_5!J12+V_6!J12 -> 0 | K12: =V_4!K12+V_5!K12+V_6!K12 -> 0 | L12: =V_4!L12+V_5!L12+V_6!L12 -> 3 | M12: =SUM(H12:L12) -> 5 | N12: =G12+M12 -> 415 | O12: =B12*1+C12*0.5+D12*1.5+E12*3+F12*4.5+H12*0.5+I12*1.5+J12*3+K12*4+L12*8 -> 480
A13: 0915-0930 | B13: =V_4!B13+V_5!B13+V_6!B13 -> 116 | C13: =V_4!C13+V_5!C13+V_6!C13 -> 167 | D13: =V_4!D13+V_5!D13+V_6!D13 -> 18 | E13: =V_4!E13+V_5!E13+V_6!E13 -> 8 | F13: =V_4!F13+V_5!F13+V_6!F13 -> 19 | G13: =SUM(B13:F13) -> 328 | H13: =V_4!H13+V_5!H13+V_6!H13 -> 1 | I13: =V_4!I13+V_5!I13+V_6!I13 -> 0 | J13: =V_4!J13+V_5!J13+V_6!J13 -> 0 | K13: =V_4!K13+V_5!K13+V_6!K13 -> 0 | L13: =V_4!L13+V_5!L13+V_6!L13 -> 4 | M13: =SUM(H13:L13) -> 5 | N13: =G13+M13 -> 333 | O13: =B13*1+C13*0.5+D13*1.5+E13*3+F13*4.5+H13*0.5+I13*1.5+J13*3+K13*4+L13*8 -> 368.5
A14: 0930-0945 | B14: =V_4!B14+V_5!B14+V_6!B14 -> 182 | C14: =V_4!C14+V_5!C14+V_6!C14 -> 213 | D14: =V_4!D14+V_5!D14+V_6!D14 -> 36 | E14: =V_4!E14+V_5!E14+V_6!E14 -> 10 | F14: =V_4!F14+V_5!F14+V_6!F14 -> 29 | G14: =SUM(B14:F14) -> 470 | H14: =V_4!H14+V_5!H14+V_6!H14 -> 0 | I14: =V_4!I14+V_5!I14+V_6!I14 -> 0 | J14: =V_4!J14+V_5!J14+V_6!J14 -> 0 | K14: =V_4!K14+V_5!K14+V_6!K14 -> 0 | L14: =V_4!L14+V_5!L14+V_6!L14 -> 8 | M14: =SUM(H14:L14) -> 8 | N14: =G14+M14 -> 478 | O14: =B14*1+C14*0.5+D14*1.5+E14*3+F14*4.5+H14*0.5+I14*1.5+J14*3+K14*4+L14*8 -> 567
A15: 0945-1000 | B15: =V_4!B15+V_5!B15+V_6!B15 -> 166 | C15: =V_4!C15+V_5!C15+V_6!C15 -> 161 | D15: =V_4!D15+V_5!D15+V_6!D15 -> 35 | E15: =V_4!E15+V_5!E15+V_6!E15 -> 9 | F15: =V_4!F15+V_5!F15+V_6!F15 -> 25 | G15: =SUM(B15:F15) -> 396 | H15: =V_4!H15+V_5!H15+V_6!H15 -> 0 | I15: =V_4!I15+V_5!I15+V_6!I15 -> 0 | J15: =V_4!J15+V_5!J15+V_6!J15 -> 0 | K15: =V_4!K15+V_5!K15+V_6!K15 -> 0 | L15: =V_4!L15+V_5!L15+V_6!L15 -> 0 | M15: =SUM(H15:L15) -> 0 | N15: =G15+M15 -> 396 | O15: =B15*1+C15*0.5+D15*1.5+E15*3+F15*4.5+H15*0.5+I15*1.5+J15*3+K15*4+L15*8 -> 438.5
A16: 1000-1015 | B16: =V_4!B16+V_5!B16+V_6!B16 -> 144 | C16: =V_4!C16+V_5!C16+V_6!C16 -> 167 | D16: =V_4!D16+V_5!D16+V_6!D16 -> 32 | E16: =V_4!E16+V_5!E16+V_6!E16 -> 5 | F16: =V_4!F16+V_5!F16+V_6!F16 -> 38 | G16: =SUM(B16:F16) -> 386 | H16: =V_4!H16+V_5!H16+V_6!H16 -> 0 | I16: =V_4!I16+V_5!I16+V_6!I16 -> 0 | J16: =V_4!J16+V_5!J16+V_6!J16 -> 0 | K16: =V_4!K16+V_5!K16+V_6!K16 -> 0 | L16: =V_4!L16+V_5!L16+V_6!L16 -> 1 | M16: =SUM(H16:L16) -> 1 | N16: =G16+M16 -> 387 | O16: =B16*1+C16*0.5+D16*1.5+E16*3+F16*4.5+H16*0.5+I16*1.5+J16*3+K16*4+L16*8 -> 469.5
A17: 1015-1030 | B17: =V_4!B17+V_5!B17+V_6!B17 -> 158 | C17: =V_4!C17+V_5!C17+V_6!C17 -> 150 | D17: =V_4!D17+V_5!D17+V_6!D17 -> 30 | E17: =V_4!E17+V_5!E17+V_6!E17 -> 7 | F17: =V_4!F17+V_5!F17+V_6!F17 -> 33 | G17: =SUM(B17:F17) -> 378 | H17: =V_4!H17+V_5!H17+V_6!H17 -> 0 | I17: =V_4!I17+V_5!I17+V_6!I17 -> 0 | J17: =V_4!J17+V_5!J17+V_6!J17 -> 0 | K17: =V_4!K17+V_5!K17+V_6!K17 -> 0 | L17: =V_4!L17+V_5!L17+V_6!L17 -> 2 | M17: =SUM(H17:L17) -> 2 | N17: =G17+M17 -> 380 | O17: =B17*1+C17*0.5+D17*1.5+E17*3+F17*4.5+H17*0.5+I17*1.5+J17*3+K17*4+L17*8 -> 463.5
A18: 1030-1045 | B18: =V_4!B18+V_5!B18+V_6!B18 -> 233 | C18: =V_4!C18+V_5!C18+V_6!C18 -> 106 | D18: =V_4!D18+V_5!D18+V_6!D18 -> 40 | E18: =V_4!E18+V_5!E18+V_6!E18 -> 5 | F18: =V_4!F18+V_5!F18+V_6!F18 -> 38 | G18: =SUM(B18:F18) -> 422 | H18: =V_4!H18+V_5!H18+V_6!H18 -> 0 | I18: =V_4!I18+V_5!I18+V_6!I18 -> 0 | J18: =V_4!J18+V_5!J18+V_6!J18 -> 0 | K18: =V_4!K18+V_5!K18+V_6!K18 -> 0 | L18: =V_4!L18+V_5!L18+V_6!L18 -> 4 | M18: =SUM(H18:L18) -> 4 | N18: =G18+M18 -> 426 | O18: =B18*1+C18*0.5+D18*1.5+E18*3+F18*4.5+H18*0.5+I18*1.5+J18*3+K18*4+L18*8 -> 564
A19: 1045-1100 | B19: =V_4!B19+V_5!B19+V_6!B19 -> 186 | C19: =V_4!C19+V_5!C19+V_6!C19 -> 122 | D19: =V_4!D19+V_5!D19+V_6!D19 -> 31 | E19: =V_4!E19+V_5!E19+V_6!E19 -> 4 | F19: =V_4!F19+V_5!F19+V_6!F19 -> 24 | G19: =SUM(B19:F19) -> 367 | H19: =V_4!H19+V_5!H19+V_6!H19 -> 0 | I19: =V_4!I19+V_5!I19+V_6!I19 -> 0 | J19: =V_4!J19+V_5!J19+V_6!J19 -> 0 | K19: =V_4!K19+V_5!K19+V_6!K19 -> 0 | L19: =V_4!L19+V_5!L19+V_6!L19 -> 2 | M19: =SUM(H19:L19) -> 2 | N19: =G19+M19 -> 369 | O19: =B19*1+C19*0.5+D19*1.5+E19*3+F19*4.5+H19*0.5+I19*1.5+J19*3+K19*4+L19*8 -> 429.5
... A103: 0745-0800 | B103: =V_4!B103+V_5!B103+V_6!B103 -> 60 | C103: =V_4!C103+V_5!C103+V_6!C103 -> 62 | D103: =V_4!D103+V_5!D103+V_6!D103 -> 17 | E103: =V_4!E103+V_5!E103+V_6!E103 -> 3 | F103: =V_4!F103+V_5!F103+V_6!F103 -> 18 | G103: =SUM(B103:F103) -> 160 | H103: =V_4!H103+V_5!H103+V_6!H103 -> 0 | I103: =V_4!I103+V_5!I103+V_6!I103 -> 0 | J103: =V_4!J103+V_5!J103+V_6!J103 -> 0 | K103: =V_4!K103+V_5!K103+V_6!K103 -> 0 | L103: =V_4!L103+V_5!L103+V_6!L103 -> 0 | M103: =SUM(H103:L103) -> 0 | N103: =G103+M103 -> 160 | O103: =B103*1+C103*0.5+D103*1.5+E103*3+F103*4.5+H103*0.5+I103*1.5+J103*3+K103*4+L103*8 -> 206.5
A104: Total (Veh.) | B104: =SUM(B8:B103) -> 11918 | C104: =SUM(C8:C103) -> 6778 | D104: =SUM(D8:D103) -> 1988 | E104: =SUM(E8:E103) -> 631 | F104: =SUM(F8:F103) -> 3086 | G104: =SUM(G8:G103) -> 24401 | H104: =SUM(H8:H103) -> 9 | I104: =SUM(I8:I103) -> 0 | ... O104: =SUM(O8:O103) -> 34925.5
A105: Total (PCUs) | B105: =+B104*1 -> 11918 | C105: =+C104*0.5 -> 3389 | D105: =+D104*1.5 -> 2982 | E105: =+E104*3 -> 1893 | F105: =+F104*4.5 -> 13887 | G105: =SUM(B105:F105) -> 34069 | H105: =+H104*0.5 -> 4.5 | I105: =+I104*1.5 -> 0 | J105: =+J104*3 -> 0 | K105: =+K104*4 -> 4 | L105: =+L104*8 -> 848 | M105: =SUM(H105:L105) -> 856.5 | O105: =G105+M105 -> 34925.5
A106: Composition | B106: =B104/$N$104 -> 0.48611168 | C106: =C104/$N$104 -> 0.27646123 | D106: =D104/$N$104 -> 0.081086593 | E106: =E104/$N$104 -> 0.025737244 | F106: =F104/$N$104 -> 0.12587184 | G106: =G104/$N$104 -> 0.99526859 | H106: =H104/$N$104 -> 0.00036709222 | I106: =I104/$N$104 -> 0 | ... N106: =N104/$N$104 -> 1
A108: Location Name : | B108: =B2 -> TMC-14 Number (D2)
A109: Location Code : | B109: =B3 -> D2
A110: Direction From : | B110: =B4 -> Delhi
A112: Time | B112: Car, Taxi, Tempo, Auto Rickshaw & Pick up | C112: Motar Cycle, Scooter | D112: Agriculture Tractor, LCV Mini Bus | E112: Three Wheeler (Auto) Axle Truck, Buses | F112: Tractor Trailor, Truck Trailor Units (3 Axle & MAV) | G112: Total Fast Vehicle | H112: Cycle | I112: Cycle Rickshaw | J112: Hand Cart | K112: Horse Drawn | L112: Bullock Corts | M112: Total Slow | N112: Grand Total (Nos.) | O112: Grand Total (PCU's)
A114: 0800 - 0900 | B114: =B8+B9+B10+B11 -> 400 | C114: =C8+C9+C10+C11 -> 596 | D114: =D8+D9+D10+D11 -> 95 | E114: =E8+E9+E10+E11 -> 26 | F114: =F8+F9+F10+F11 -> 133 | G114: =G8+G9+G10+G11 -> 1250 | H114: =H8+H9+H10+H11 -> 1 | I114: =I8+I9+I10+I11 -> 0 | ... M114: =M8+M9+M10+M11 -> 9 | N114: =G114+M114 -> 1259 | O114: =B114*1+C114*0.5+D114*1.5+E114*3+F114*4.5+H114*0.5+I114*1.5+J114*3+K114*4+L114*8 -> 1581.5
A115: 0815 - 0915 | B115: =B9+B10+B11+B12 -> 496 | C115: =C9+C10+C11+C12 -> 697 | D115: =D9+D10+D11+D12 -> 85 | E115: =E9+E10+E11+E12 -> 25 | F115: =F9+F10+F11+F12 -> 128 | G115: =G9+G10+G11+G12 -> 1431 | H115: =H9+H10+H11+H12 -> 3 | I115: =I9+I10+I11+I12 -> 0 | ... M115: =M9+M10+M11+M12 -> 10 | N115: =G115+M115 -> 1441 | O115: =B115*1+C115*0.5+D115*1.5+E115*3+F115*4.5+H115*0.5+I115*1.5+J115*3+K115*4+L115*8 -> 1680.5
A116: 0830 - 0930 | B116: =B10+B11+B12+B13 -> 517 | C116: =C10+C11+C12+C13 -> 734 | D116: =D10+D11+D12+D13 -> 79 | E116: =E10+E11+E12+E13 -> 29 | F116: =F10+F11+F12+F13 -> 111 | G116: =G10+G11+G12+G13 -> 1470 | H116: =H10+H11+H12+H13 -> 4 | I116: =I10+I11+I12+I13 -> 0 | ... M116: =M10+M11+M12+M13 -> 14 | N116: =G116+M116 -> 1484 | O116: =B116*1+C116*0.5+D116*1.5+E116*3+F116*4.5+H116*0.5+I116*1.5+J116*3+K116*4+L116*8 -> 1671
A117: 0845 - 0945 | B117: =B11+B12+B13+B14 -> 578 | C117: =C11+C12+C13+C14 -> 774 | D117: =D11+D12+D13+D14 -> 88 | E117: =E11+E12+E13+E14 -> 32 | F117: =F11+F12+F13+F14 -> 110 | G117: =G11+G12+G13+G14 -> 1582 | H117: =H11+H12+H13+H14 -> 4 | I117: =I11+I12+I13+I14 -> 0 | ... M117: =M11+M12+M13+M14 -> 19 | N117: =G117+M117 -> 1601 | O117: =B117*1+C117*0.5+D117*1.5+E117*3+F117*4.5+H117*0.5+I117*1.5+J117*3+K117*4+L117*8 -> 1810
A118: 0900 - 1000 | B118: =B12+B13+B14+B15 -> 615 | C118: =C12+C13+C14+C15 -> 744 | D118: =D12+D13+D14+D15 -> 102 | E118: =E12+E13+E14+E15 -> 34 | F118: =F12+F13+F14+F15 -> 109 | G118: =G12+G13+G14+G15 -> 1604 | H118: =H12+H13+H14+H15 -> 3 | I118: =I12+I13+I14+I15 -> 0 | ... M118: =M12+M13+M14+M15 -> 18 | N118: =G118+M118 -> 1622 | O118: =B118*1+C118*0.5+D118*1.5+E118*3+F118*4.5+H118*0.5+I118*1.5+J118*3+K118*4+L118*8 -> 1854
A119: 0915 - 1015 | B119: =B13+B14+B15+B16 -> 608 | C119: =C13+C14+C15+C16 -> 708 | D119: =D13+D14+D15+D16 -> 121 | E119: =E13+E14+E15+E16 -> 32 | F119: =F13+F14+F15+F16 -> 111 | G119: =G13+G14+G15+G16 -> 1580 | H119: =H13+H14+H15+H16 -> 1 | I119: =I13+I14+I15+I16 -> 0 | ... M119: =M13+M14+M15+M16 -> 14 | N119: =G119+M119 -> 1594 | O119: =B119*1+C119*0.5+D119*1.5+E119*3+F119*4.5+H119*0.5+I119*1.5+J119*3+K119*4+L119*8 -> 1843.5
A120: 0930 - 1030 | B120: =B14+B15+B16+B17 -> 650 | C120: =C14+C15+C16+C17 -> 691 | D120: =D14+D15+D16+D17 -> 133 | E120: =E14+E15+E16+E17 -> 31 | F120: =F14+F15+F16+F17 -> 125 | G120: =G14+G15+G16+G17 -> 1630 | H120: =H14+H15+H16+H17 -> 0 | I120: =I14+I15+I16+I17 -> 0 | ... M120: =M14+M15+M16+M17 -> 11 | N120: =G120+M120 -> 1641 | O120: =B120*1+C120*0.5+D120*1.5+E120*3+F120*4.5+H120*0.5+I120*1.5+J120*3+K120*4+L120*8 -> 1938.5
A121: 0945 - 1045 | B121: =B15+B16+B17+B18 -> 701 | C121: =C15+C16+C17+C18 -> 584 | D121: =D15+D16+D17+D18 -> 137 | E121: =E15+E16+E17+E18 -> 26 | F121: =F15+F16+F17+F18 -> 134 | G121: =G15+G16+G17+G18 -> 1582 | H121: =H15+H16+H17+H18 -> 0 | I121: =I15+I16+I17+I18 -> 0 | ... M121: =M15+M16+M17+M18 -> 7 | N121: =G121+M121 -> 1589 | O121: =B121*1+C121*0.5+D121*1.5+E121*3+F121*4.5+H121*0.5+I121*1.5+J121*3+K121*4+L121*8 -> 1935.5
A122: 1000 - 1100 | B122: =B16+B17+B18+B19 -> 721 | C122: =C16+C17+C18+C19 -> 545 | D122: =D16+D17+D18+D19 -> 133 | E122: =E16+E17+E18+E19 -> 21 | F122: =F16+F17+F18+F19 -> 133 | G122: =G16+G17+G18+G19 -> 1553 | H122: =H16+H17+H18+H19 -> 0 | I122: =I16+I17+I18+I19 -> 0 | ... M122: =M16+M17+M18+M19 -> 9 | N122: =G122+M122 -> 1562 | O122: =B122*1+C122*0.5+D122*1.5+E122*3+F122*4.5+H122*0.5+I122*1.5+J122*3+K122*4+L122*8 -> 1926.5
A123: 1015 - 1115 | B123: =B17+B18+B19+B20 -> 772 | C123: =C17+C18+C19+C20 -> 491 | D123: =D17+D18+D19+D20 -> 115 | E123: =E17+E18+E19+E20 -> 23 | F123: =F17+F18+F19+F20 -> 123 | G123: =G17+G18+G19+G20 -> 1524 | H123: =H17+H18+H19+H20 -> 0 | I123: =I17+I18+I19+I20 -> 0 | ... M123: =M17+M18+M19+M20 -> 9 | N123: =G123+M123 -> 1533 | O123: =B123*1+C123*0.5+D123*1.5+E123*3+F123*4.5+H123*0.5+I123*1.5+J123*3+K123*4+L123*8 -> 1884.5
A124: 1030 - 1130 | B124: =B18+B19+B20+B21 -> 814 | C124: =C18+C19+C20+C21 -> 454 | D124: =D18+D19+D20+D21 -> 125 | E124: =E18+E19+E20+E21 -> 21 | F124: =F18+F19+F20+F21 -> 116 | G124: =G18+G19+G20+G21 -> 1530 | H124: =H18+H19+H20+H21 -> 0 | I124: =I18+I19+I20+I21 -> 0 | ... M124: =M18+M19+M20+M21 -> 10 | N124: =G124+M124 -> 1540 | O124: =B124*1+C124*0.5+D124*1.5+E124*3+F124*4.5+H124*0.5+I124*1.5+J124*3+K124*4+L124*8 -> 1893.5
A125: 1045 - 1145 | B125: =B19+B20+B21+B22 -> 807 | C125: =C19+C20+C21+C22 -> 447 | D125: =D19+D20+D21+D22 -> 108 | E125: =E19+E20+E21+E22 -> 27 | F125: =F19+F20+F21+F22 -> 105 | G125: =G19+G20+G21+G22 -> 1494 | H125: =H19+H20+H21+H22 -> 0 | I125: =I19+I20+I21+I22 -> 0 | ... M125: =M19+M20+M21+M22 -> 7 | N125: =G125+M125 -> 1501 | O125: =B125*1+C125*0.5+D125*1.5+E125*3+F125*4.5+H125*0.5+I125*1.5+J125*3+K125*4+L125*8 -> 1802
